,多头策略,空头策略,基准,多头/基准,空头/基准,分层1,分层2,分层3,分层4,分层5,分层1/基准,分层2/基准,分层3/基准,分层4/基准,分层5/基准,ic_long,ic_short,ic
ASarePlanTrade_over_next_orig_M,1.1766302395854042,1.2260426586089912,1.3031940339987096,0.9028818494319237,0.940798243870878,1.2280588105385633,1.0912155656203837,1.1447185678614265,1.0131068561366712,1.253883546063737,0.9423453288612732,0.8373392888180335,0.8783945736376506,0.7774029267369055,0.9621618219171333,,,0.07709190525778115
margin_repay_amount_M_orig,1.4627720184168669,1.526377628836965,1.3031940339987096,1.122451438738182,1.1712589138805682,1.5282928790263712,1.2602436766873886,1.1117724197970145,1.330994793767029,1.4526661344926648,1.1727285723807146,0.9670422391518073,0.8531134971403003,1.0213327862490407,1.1146967347873105,,1.4037718945592614,-0.6858248292940189
AShareFreeFloatCalendar_anndt_recent_float_M,1.5304108748710565,1.9199346468289984,1.3031940339987096,1.1743538068350088,1.473253097190667,2.14108048686921,2.197184826356743,1.2089132237310434,1.6893921902086273,1.4058657735418456,1.6429483492182178,1.6859997583129809,0.9276540501199382,1.29634739427475,1.078784691200664,-2.25264341540393,,-0.17975054681295147
north_holdings_float_W_qoq,1.7947030143001474,1.0857060891447299,1.3031940339987096,1.3771571749705573,0.8331116171652186,0.9479755793460503,0.8655689333620936,0.7948752122989688,0.9432555061197829,1.5950136414492289,0.727424738461463,0.6641903744035639,0.6099438698779033,0.7238028117927349,1.223926445208702,5.892951960070288,-1.7945496822884528,3.0993488569483203
north_holdings_float_M_qoq,1.762150275255155,1.222297865480408,1.3031940339987096,1.3521779790904873,0.9379246939382615,1.0171109623950767,0.8682140784365313,0.9008936040576377,0.9982908587261852,1.4574733001911926,0.7804754594173379,0.6662201144157409,0.6912965993969014,0.76603393867837,1.1183854914675244,1.7352987997163896,-0.9977490414456739,0.6244469114523434
margin_tr_balance_orig_M_yoy,0.816257322177152,1.3807944956527112,1.3031940339987096,0.6263513343999549,1.0595463604263848,1.430356615356626,1.6616534251986517,1.37120737167167,1.207377734271713,0.8748595409541765,1.0975776269998196,1.2750621794208559,1.0521897245525815,0.9264757992844743,0.6713194797782835,-1.4234508309724447,-0.319691566692841,-0.5643626296228212
AshareStockRepo_preplan_recent_float_M,1.6436620949626373,1.2621559989865883,1.3031940339987096,1.2612566141967658,0.9685096509487535,0.9748306475031212,1.3082128482246407,0.980793728564256,1.9881725075086627,1.518590261057465,0.748031852564548,1.0038511642126933,0.7526075956277951,1.5256151084487173,1.1652833127219249,2.137100076859071,,0.08472527024714085
margin_slend_balance_orig_W_qoq,0.7037257010661182,1.6546136055384166,1.3031940339987096,0.5400007080348673,1.2696602059030413,1.682354744836461,1.8741554183860223,1.7891977107272887,1.1151177451191732,0.7242352297552479,1.2909472426560593,1.4381246149780011,1.3729327053756757,0.8556805172730536,0.5557386013600835,-1.6295386911739855,0.20613494433650553,-0.735459923217919
margin_repay_orig_M_orig,1.4464166343698708,0.8179666876743645,1.3031940339987096,1.1099012093630434,0.6276630082202896,0.8456497799413782,1.2982655310849465,1.3152066023450821,1.7362952068933297,1.6279831786997057,0.6489055028487152,0.9962181357609192,1.0092177895485857,1.332338210270727,1.2492254692913347,,1.9638093516310215,0.2755109285681283
indusETFselect_orig_W_yoy,0.8561126677191849,1.4151456674213674,1.3031940339987096,0.6569341520788704,1.0859055754568998,1.3659001604889522,1.346246929664532,1.4500602482997735,1.1748280047025021,1.006678627429987,1.048117260250061,1.0330364431869898,1.1126971198988849,0.9014989127119235,0.7724702547487137,-0.4939438590174904,-0.6103127218631925,-0.5167136514845225
AShareSEO_pass_recent_orig_W,0.10288991892918685,0.17375362072776898,1.3031940339987096,0.07895211015774857,0.13332904862572523,0.08086808024090454,0.760881494488338,0.48808789627390425,0.16077669993767546,0.10152039000504766,0.06205375265014804,0.583858945512247,0.37453202174066086,0.12337126762647124,0.07790120838225706,3.679536884327301,,-1.691057042189766
margin_net_buy_float_W_orig,0.41557843489352664,1.8510938999205724,1.3031940339987096,0.3188922171615299,1.4204284639338713,2.1025539438293883,1.5615742161607287,1.5795069620089284,1.4807591108538123,0.7015881021810146,1.613385182080622,1.1982668546825737,1.2120274654437933,1.136253752106479,0.5383604312768895,-9.971193175779506,2.554478508542555,-3.155035881272437
allETFselect_orig_M_orig,1.21391829462405,1.5556043096304784,1.3031940339987096,0.9314946684487754,1.1936858741267218,1.3290888683585658,1.45241345612158,1.0985691788976821,1.3451258047602492,1.1776032040067297,1.0198702830770339,1.1145028431913602,0.8429820504371415,1.0321761531035225,0.90362844924434,0.8277195291726576,0.13003166670739677,0.1929642426879316
margin_net_buy_orig_M_qoq,0.8596349728482637,1.9842544507667634,1.3031940339987096,0.6596369768595142,1.5226086054724282,1.611471591746397,1.4394532483772247,1.550588443208133,1.3090885652616833,0.8828890067234448,1.2365553783282535,1.1045578868715493,1.1898369718976693,1.004523141688185,0.6774808537255159,-1.0540395492604315,0.48456969807461253,-0.007201468925704196
margin_tr_balance_float_M_orig,1.0879666483728259,2.60718812854234,1.3031940339987096,0.8348462469817469,2.0006139228112225,2.1133479678653773,1.4845343124545891,1.147117862617524,1.0395029735510386,1.071146561806266,1.6216679272086585,1.1391506358415842,0.8802356615290182,0.7976578670801895,0.8219394302470593,-2.6309656300906696,,-0.16926467205262805
MjrHolderTrade_under_recent_float_W,1.4427748387823014,0.9885117418640696,1.3031940339987096,1.1071066941239005,0.7585299779426772,0.8605739885425912,1.1650139649873354,1.0127458111227796,1.0381775520195016,2.0340294147098654,0.6603575262710597,0.8939681540841746,0.7771258804917015,0.796640810911301,1.5608031971023277,4.99478355929048,,0.9622692238658519
north_change_amount_M_qoq,1.5970063086521415,1.7565799267498123,1.3031940339987096,1.2254555093011752,1.3479035975632403,1.2667103451607007,0.8582641476463191,0.8242383908894153,0.928148476688609,1.400864094468166,0.9720044077196527,0.6585850803911592,0.6324755710861637,0.7122105016401019,1.0749466755689223,2.1170373286414494,-2.608561258546,0.13990985578707973
allETFselect_float_W_yoy,1.3496607002568473,1.7505999948508681,1.3031940339987096,1.0356559844857176,1.3433149240864324,1.6253811595341947,1.327739202652847,1.1780994769460318,1.015874730310475,1.404880260920753,1.2472288217487375,1.0188346232516299,0.9040092620215282,0.7795268423638907,1.0780284625843706,-0.08103157431018936,-1.9522139633473468,0.5532226026551988
north_holdings_amount_W_yoy,1.2958052566748877,0.8286681404829179,1.3031940339987096,0.9943302554101248,0.6358747192390374,0.8856391298780405,0.7914789730174903,0.9039537890365665,1.247365511078724,1.4088927150733892,0.6795911481888487,0.6073377811506111,0.6936448183873911,0.9571602374907429,1.0811074009833783,2.845088430030059,0.3458371242005649,0.053176120576276506
indusETFselect_amount_W_qoq,1.6222459461952448,1.1658304628261182,1.3031940339987096,1.2448230300882817,0.8945946899778953,1.4044152298379713,1.0650601115743203,1.0673836787773405,1.4131450785585526,1.5475184861296718,1.0776716231033343,0.8172690204130991,0.819051999111897,1.08437043271482,1.18748125433116,0.8297358332784681,-0.984439871641746,0.27790603956285465
indusETF_amount_M_qoq,1.2677829658532056,1.5354944637639782,1.3031940339987096,0.97282747831737,1.1782546755930734,1.6904733101911555,1.3705878155284208,1.0797707005316286,1.1463233455353885,1.3800494270976529,1.2971769867639138,1.0517143109709617,0.8285571237757046,0.8796259924686883,1.0589746354678442,0.2214055517576604,-0.08714941038903001,0.08672192637146142
margin_borrow_amount_W_yoy,1.4752255009382405,1.1120393528118002,1.3031940339987096,1.132007561768581,0.8533183269720995,1.2591680138670438,1.3337331646836708,1.202072137958213,1.640409789622267,1.6059465210277153,0.9662168341911628,1.0234340626861644,0.922404574144485,1.2587609725229076,1.2323157405041538,-1.7538082900362566,2.452792895512551,1.935562693387046
allETFselect_amount_W_qoq,1.4830493694329832,1.1102116846039785,1.3031940339987096,1.1380111715846388,0.8519158741061869,1.149034078603024,1.2199402341143868,1.0794935696572567,1.2256445117669394,1.466998158360897,0.8817060611283936,0.9361155762593023,0.8283444686628496,0.9404927277070032,1.125694347954903,0.36902101318806546,-1.4497487173739207,0.043594545375655415
ASarePlanTrade_under_next_orig_M,1.2941758445035858,0.20411609265200167,1.3031940339987096,0.9930799334098757,0.15662755301733047,0.22456875874543733,0.8631567728871363,1.0,0.9956559513466549,1.4475774627002596,0.17232181308900904,0.6623394140614912,0.7673454404419029,0.7640120545147007,1.110791965689503,10.086768766663338,,-0.1031663396376803
margin_net_buy_orig_W_orig,0.5471719816803498,2.0856560287605994,1.3031940339987096,0.4198699252799768,1.6004186439996122,2.0113022649407037,1.8573630646971555,1.3852666908663487,1.509831976504259,0.704201200591041,1.5433636223527212,1.4252390789405613,1.0629780790323358,1.1585626830039293,0.5403655804272491,-6.5019334768025345,1.787174709142986,-2.2484742414064964
MjrHolderTrade_under_recent_amount_M,2.0796621020992556,1.2201696533996744,1.3031940339987096,1.595819231705687,0.9362916201018172,1.2740883511170003,1.116768585304029,1.5457572051516255,1.2984094438484788,2.106906405660003,0.9776658869497724,0.8569472819618009,1.186129743403319,0.9963285665638372,1.6167250238210416,2.257540976321658,,0.5086488980642891
indusETFselect_orig_W_orig,0.6774531271316273,1.7706157764779473,1.3031940339987096,0.519840568217563,1.3586739428548524,1.6083111900859177,1.7118704120319375,1.3421238396040942,1.3835236626983494,0.7581826535945707,1.2341302585241196,1.3135959553001089,1.0298726088285814,1.0616405743150596,0.5817880022579366,2.5289465712086194,-0.5670198016418526,-0.3690330293826492
margin_slend_balance_float_W_qoq,1.0234763127931874,0.7405685893692092,1.3031940339987096,0.7853598820221431,0.5682719303869546,0.8877942398656709,1.673777151181803,1.4940826840520738,1.519446454495014,1.1873673569079002,0.6812448620115076,1.284365265275194,1.146477535250559,1.1659403088523643,0.9111209274528308,-2.385981769706504,4.9850556308177145,1.6833348756087902
AshareStockRepo_pass_recent_amount_M,1.5210863513800468,1.057371794342638,1.3031940339987096,1.1671986762498892,0.8113694252406967,1.0295057947713326,1.5264153262890605,1.6269672363221905,1.209550648290874,0.9998554722409,0.7899865775262995,1.17128784084855,1.2484458905401967,0.9281431749495499,0.7672345377249402,-0.5009231390626805,,0.23242615272173883
north_change_amount_W_qoq,1.8831409766701452,1.7697062579022638,1.3031940339987096,1.4450196421571477,1.3579760279228044,1.4075757916519187,0.8807759188944231,0.6292308412374858,0.9082704161091534,1.6018601636284404,1.0800968658005017,0.6758593854146628,0.4828374170090077,0.6969571624896287,1.2291800927858043,8.292262928923494,-7.1693505451925,1.3614707520125873
AShareSEO_pass_recent_amount_M,1.5568749324296354,0.6859379859205806,1.3031940339987096,1.1946608807381764,0.5263513859220598,0.4944786433855969,0.9663803785452769,1.35593432522656,2.018902924535971,1.4156047451696003,0.37943593239783546,0.7415475772092384,1.0404700220012693,1.5491959538375006,1.0862578466738146,3.8355042680860283,,0.42405414525719853
margin_tr_balance_orig_M_qoq,0.7285600997961044,1.8592601830382938,1.3031940339987096,0.5590572706664384,1.4266948240496125,1.6792886154817515,1.748307078065432,1.4547647208270416,1.2447465286510826,0.794017404020989,1.288594462275918,1.3415554648458152,1.116307075442368,0.9551505732662947,0.6092856346070221,-1.4237437996171804,-0.8989056681858769,-0.7600849702142347
margin_repay_amount_W_yoy,0.6987278430896546,1.9240788476544395,1.3031940339987096,0.5361656245046519,1.476433130798345,1.9433531772352084,1.732594802731391,1.3986147503507496,1.3921635483686186,0.857970252409893,1.4912231997197223,1.329498722009271,1.073220651616438,1.06827035119008,0.65835956122152,-0.38838478949102917,-0.7442345489164139,-0.213589705279013
margin_borrow_float_W_orig,0.29218908055364523,1.9304850221442622,1.3031940339987096,0.22420995870975155,1.4813488795837855,2.248116564445132,1.775121429683622,1.5364838845361177,1.1836275842153552,0.5116349235082216,1.7250819953088874,1.3621313352984392,1.1790139031112532,0.9082512299289173,0.3926007257248756,-12.045250436417529,,-2.200533744463352
margin_repay_orig_M_yoy,1.4402234551624107,0.6881375569457999,1.3031940339987096,1.1051489015363591,0.5280392167191899,0.8146531774113173,1.389049022842546,1.7000788621976912,1.445377123563747,1.3944978513009882,0.6251204012280829,1.0658804342285084,1.3045477632990565,1.1091035454856741,1.0700615679018441,-1.8247830278011063,3.329267753044558,1.0571900540037524
north_holdings_orig_W_orig,2.4835921320304792,0.8993934052006718,1.3031940339987096,1.9057730984309729,0.6901454286442523,0.7483630719805183,0.7365789035049077,0.8200784182415248,1.1911375917269318,1.764384374573707,0.5742529910793464,0.5652104631301873,0.6292834350424419,0.91401399995061,1.3538923050160725,4.310240475147685,,3.2374489859302193
indusETF_float_M_qoq,0.7391495220465948,1.3774032170613455,1.3031940339987096,0.5671830155472662,1.056944078262032,1.8775206737891534,1.3308441738265735,1.126658867300983,1.1996989741119957,1.1740760691083867,1.4407069283675162,1.0212172087244924,0.8645365447568483,0.9205835376876684,0.900921918362273,-1.5673463088246786,0.09425216118718346,-0.9446866806090388
AShareFreeFloatCalendar_anndt_recent_amount_W,2.061682680163089,1.7272086025455642,1.3031940339987096,1.5820228042611886,1.3253656458553695,1.7285837205990124,1.5796124748567504,1.5482310972811395,5.062103541306393,0.9429667008390801,1.3264208364237524,1.2121084302464773,1.1880280732490467,3.8843820714662707,0.723581198377412,-6.689429884542042,,-0.17123689100352557
margin_borrow_amount_W_qoq,1.3935992981049838,1.4638460473761254,1.3031940339987096,1.0693720672038955,1.1232755899629716,1.4892988953809692,1.2319766385841815,1.2107032292006568,1.46517606936846,1.414776165378882,1.1428067168257492,0.9453516563485138,0.9290276026554121,1.124296176274477,1.0856220397493646,-0.22815781896861725,0.10694332696132905,0.00723746225435546
AShareSEO_offering_recent_amount_M,1.3799719841149272,0.8071396770773394,1.3031940339987096,1.0589152099481554,0.6193549510050462,0.547583312730111,0.9852157671679579,1.6530497346669146,1.0791845454670341,1.3008756565696875,0.42018555828552323,0.7560008267878039,1.2684601767203543,0.8281073403594961,0.9982210036506165,1.7780353041754802,,-0.0668346198093799
allETF_orig_W_orig,0.7894805598022765,1.8228640245845642,1.3031940339987096,0.605804307881798,1.3987663978105422,1.512271468047335,1.3793287217562158,1.2609570966582246,1.248587728955924,1.0909336028013832,1.1604346157165053,1.0584216055101903,0.9675896787135485,0.9580981008060387,0.8371229259344993,-3.451655477853605,-0.0880876714477496,-1.0707354148302468
MjrHolderTrade_under_recent_float_M,1.3394153663668409,1.3166798896083536,1.3031940339987096,1.0277942742394162,1.010348309812518,1.4464655691839063,1.3291136214526846,1.944415072564868,1.3726277138243317,1.186523706038349,1.1099387592694725,1.019889277250943,1.492038040259163,1.053279617627294,0.9104735558047558,-0.08975124167254384,,-0.15368089083821906
margin_tr_balance_float_M_qoq,1.032439793837378,1.2169465968656703,1.3031940339987096,0.7922379683318902,0.9338184223661626,1.2283708692948283,1.5343559197436902,1.436008929940824,1.3913708352637684,1.1340403025335042,0.9425847857250431,1.177381019030363,1.1019149048239474,1.0676620664034946,0.8702006554264405,-2.1690157274801445,1.7385591021780165,-0.17795687141318306
north_change_amount_W_orig,2.25991474366338,1.3558891092050696,1.3031940339987096,1.7341352743375265,1.0404353256933434,1.171650590340171,0.6949013710151825,0.585150864188817,1.155748813744011,1.9232005684804327,0.8990607382885941,0.5332293986053274,0.4490128476059279,0.886858582522605,1.4757591872787357,8.255455445106499,-6.540522826168273,3.4485016842086447
MjrHolderTrade_under_recent_orig_M,1.4066814368305889,1.409737346571816,1.3031940339987096,1.0794105867062171,1.0817555251125497,1.6774205320749052,1.6481706268243508,1.235731202940518,1.4294671833378898,1.1522005449810893,1.2871609969913091,1.2647162155639387,0.9482327041881944,1.0968951253956594,0.8841358346659145,1.3079323970001993,,0.3533040572588871
margin_borrow_float_M_orig,0.4683116049996705,1.661500087899276,1.3031940339987096,0.35935677480252665,1.2749445167433304,1.8792661740853394,1.7629028280947514,1.4706900262739313,1.1785731617210402,0.6694646688488324,1.4420463300610844,1.3527554470806433,1.1285272859646835,0.9043727418738376,0.5137106611780999,-4.022184931878137,,-1.244793564020246
margin_slend_balance_amount_M_qoq,1.3377171097142913,1.018250567763064,1.3031940339987096,1.026491124740382,0.781349930400366,1.2745078285137268,1.443402895414787,1.3716232808341364,1.2281035402748715,1.3138592291071043,0.977987771017519,1.1075886305171776,1.0525088705520382,0.9423796520204815,1.00818388883785,0.29689828998641526,0.3708297938013557,0.11606667000315456
margin_borrow_orig_W_qoq,0.3721239511030209,1.3610463412436928,1.3031940339987096,0.2855476171581287,1.044392704183482,1.4551150124759047,2.095278865847339,1.8898994332514818,1.338159133449044,0.5435237208498661,1.1165758701419481,1.6078026841622373,1.450205712999261,1.0268303096378117,0.4170704489661624,-10.017636039587403,2.5199322892393563,-3.091510989064098
ASarePlanTrade_over_next_amount_M,1.3159752300645322,1.1716044431258341,1.3031940339987096,1.009807592524503,0.8990253274340836,1.193930761987068,1.0875377190035573,1.1413967519687156,0.9105630524524112,1.4869684244212993,0.9161573264141035,0.8345171099859672,0.8758455933583915,0.698716406534219,1.1410184405607644,,,0.12633091691613246
margin_slend_balance_float_W_yoy,1.5490296812295106,0.7298918494064708,1.3031940339987096,1.1886408630006393,0.5600791826577634,0.9151102388584946,1.319169667881566,1.5582233206998888,1.6101748120502624,1.5031700017562912,0.7022056692897666,1.0122588298181792,1.1956955603293007,1.2355603003411668,1.1534506470567372,-0.3251848257235206,5.506155920680647,0.7246953787294431
AShareSEO_offering_recent_orig_W,0.3471275981554805,0.3206237885186103,1.3031940339987096,0.2663667796961571,0.24602920221696453,0.28362476195164543,0.4214624896297876,0.539223876440287,0.37941593960194625,0.4077149513868689,0.21763816788001522,0.3234073197347103,0.4137709829638623,0.29114309128453386,0.31285820894670596,,,-0.11184245994916049
AShareSEO_pass_recent_float_M,1.0523099442305917,1.0213872718142973,1.3031940339987096,0.8074852376370176,0.7837568659520956,1.0014167588856613,1.4282447908278442,1.0042723663779474,0.8807554749410957,1.2242448598443676,0.7684325839130206,1.0959571280766456,0.7706238213019181,0.6758436978402925,0.939418711186012,2.4892699982616358,,0.41525705761785925
margin_tr_balance_orig_W_orig,1.0205745735208442,2.5286074845484046,1.3031940339987096,0.7831332456221595,1.9403154239354876,2.335827319034701,1.7747885028302812,1.285727325517811,1.0466956615563034,0.9881371280756632,1.792386442920912,1.3618758653955276,0.9865970008876546,0.8031771434255506,0.7582425197602168,-2.210670875035357,,1.857552838886465
AShareSEO_offering_recent_amount_W,0.4349276867634454,0.2922731734455175,1.3031940339987096,0.333739777359874,0.2242744870069033,0.2295526525476548,1.629573446945062,0.2827916741822168,0.594927877717804,0.28243579482818537,0.17614618127378728,1.2504457543784886,0.21699890177865624,0.4565151943585348,0.21672581937899282,,,-0.19266924998868062
ASarePlanTrade_under_next_amount_W,1.0654060623581707,0.22722943544204655,1.3031940339987096,0.817534484169704,0.17436347122064214,0.22572282873210583,0.9788886192671681,1.0,1.0273457885398183,1.0141191191619707,0.17320738343122996,0.7511457186951312,0.7673454404419029,0.7883291065932209,0.7781796821538971,27.287375221573946,,-0.3962543595204652
north_holdings_amount_M_yoy,1.045677614658333,0.9356495982758303,1.3031940339987096,0.802395949780237,0.7179664530882565,1.0070996021821843,0.8895261775944958,0.9284410065332509,1.0763074422973729,1.2674397403755346,0.7727932878053534,0.6825738565308508,0.7124349730825811,0.8258996083605755,0.9725641058120357,1.1934122395466913,,
north_change_amount_W_yoy,2.0625720483821013,1.4011046612679703,1.3031940339987096,1.5827052569089213,1.0751312734058738,1.1742718226715891,0.8368550412122777,0.6637258910182106,0.9998310930747585,1.69158078661042,0.9010721289664467,0.6421569001850621,0.5093070361760632,0.7672158304829597,1.2980268037446332,8.105777159365033,-5.64100189020433,1.976977139163201
indusETF_float_M_yoy,0.9829226371079449,1.3078076259605969,1.3031940339987096,0.7542412038919127,1.0035402187560136,1.625487849134676,1.6034372080780195,1.0721385794621805,1.2035622159457011,1.2949948406960585,1.2473106895272095,1.230390230653563,0.822700650472163,0.9235479786940867,0.9937083864039089,0.04538437065634013,-0.5993068636822588,-0.4454783599273013
AshareStockRepo_conduct_recent_float_M,1.5552430536421933,0.9772335753517157,1.3031940339987096,1.1934086659912788,0.7498757282928779,1.254349083176546,0.6328799947251544,1.4441118896510559,1.4459676857010448,1.4026797954664116,0.9625190496980038,0.4856375782992428,1.1081326740116781,1.1095567106490274,1.076339945451132,-0.7895271243045027,,0.3223147376016281
ASarePlanTrade_over_next_orig_W,2.3084023574702894,2.1623492646238764,1.3031940339987096,1.7713420237101662,1.6592688488520333,2.324441251017053,1.072297553839144,1.0556998125253103,0.8731551797856126,2.626138452359111,1.7836493955430084,0.822822638735473,0.8100864376166685,0.6700116460067198,2.0151553673869196,,,0.053828587782887995
margin_borrow_amount_M_orig,1.4589461545808624,1.2966835853118197,1.3031940339987096,1.1195156795678725,0.995004236884884,1.3919802139283652,1.473457097862323,1.2256039936727536,1.1425296077051719,1.3919299704838597,1.0681296703432757,1.1306505857314122,0.9404616363321743,0.8767148850424397,1.0680911162652222,-1.9039616439140963,,0.6287273139899714
allETFselect_float_W_qoq,1.076585104027565,1.1387603341611328,1.3031940339987096,0.8261126708232237,0.8738225501746429,1.036499719027402,1.3589691223464049,1.4187020830603752,1.3629693187500103,1.2614321876730596,0.7953533334149904,1.0427987597338484,1.0886345747818087,1.045868292205027,0.967954237637577,-2.115309301985573,-2.9106021942844986,-0.37856028893322546
margin_net_buy_amount_M_qoq,1.088402207376213,1.820374326737534,1.3031940339987096,0.8351804711970395,1.3968559395195455,1.6451524499671462,1.2852259474364223,1.3094179794388456,1.2935011045453857,1.2103754783490002,1.2624002313141154,0.9862122707029634,1.0047759161550476,0.9925621747794668,0.9287761045337924,-0.5695873206568249,-0.27845137510524665,0.09906121276893173
allETF_amount_M_yoy,1.1160489936730313,1.7995247732294692,1.3031940339987096,0.8563951066047747,1.3808571296998826,1.674502077939559,1.4187848810715424,1.280111834059575,1.3699455352385634,1.141532942762371,1.2849215345174125,1.0886981094581556,0.9822879791213367,1.051221460119054,0.8759500987429332,0.26581976257330253,-0.032105724795364596,0.11653525542993166
margin_slend_balance_amount_W_yoy,1.3681553180217072,1.7797848307216602,1.3031940339987096,1.0498477451002985,1.36570977482193,1.6852932205207034,1.592142300001504,1.168441033797683,1.010467941288255,1.29078936919202,1.293202068574212,1.2217231344408384,0.8965978997098754,0.7753779674602589,0.9904813370203767,-1.5752195441563697,1.7836147925989339,-1.6690327897977966
north_holdings_amount_W_qoq,1.9065415395766871,0.961401435638592,1.3031940339987096,1.4629759574072567,0.7377270080715732,1.0180992698280698,0.7897868938059703,0.7549149949068072,0.9971237049335024,1.5826559292766913,0.7812338326198,0.6060393718827847,0.579280579262961,0.7651383285372605,1.2144438111188118,4.069648602215434,-0.08524401847641387,0.18294763596833413
indusETFselect_float_W_qoq,1.1462644876331831,1.241395770206514,1.3031940339987096,0.8795808281257971,0.9525793840518327,1.1650949647713256,1.2269630718082394,1.4661018369050034,1.605996662003574,1.3717970223082379,0.8940303088990962,0.9415045187426436,1.1250065597725527,1.2323542159533583,1.0526421902800056,-0.22586945517593687,-0.8647328996750978,1.1270290764857718
margin_net_buy_float_W_yoy,0.5055522229106093,1.4293606534639793,1.3031940339987096,0.38793319315572455,1.0968133801826434,1.596373481983199,1.789506973584131,1.8280278195830277,1.4671217630766937,0.7582636047995926,1.224969912642172,1.3731700168187717,1.4027288123579897,1.1257891954699866,0.5818501197960084,-8.874495837168187,1.1354446191937073,-2.5091221356138966
AShareSEO_offering_recent_float_M,0.8907726921788042,1.323096296297185,1.3031940339987096,0.6835303638135641,1.015271910229214,1.2664579187976055,0.9538272100357513,1.1752647711170017,0.9249590629440828,0.9000180824206256,0.9718107095008843,0.731914960590355,0.9018340634286278,0.709763119545557,0.6906247718607319,0.42735083076966074,,-0.1685752654210859
north_change_orig_M_yoy,2.074918594733706,1.5898601044316492,1.3031940339987096,1.59217932295703,1.2199719020761135,1.1548717190093034,0.7781292294382924,0.7835960385428451,0.9976327480394872,1.4750839601723738,0.8861855478770915,0.5970939162840451,0.6012888473241897,0.7655289404436263,1.1318989511072566,2.140609767391687,-1.9511401690331645,0.5598074224589643
AshareStockRepo_pass_recent_float_M,1.6350299748055426,0.9550393457405251,1.3031940339987096,1.2546327961528725,0.73284508739661,1.0029572013086416,1.5638066788904394,1.9398139011172617,0.4786461794945047,1.841947013062385,0.7696146353825579,1.1999799247791736,1.4885073523281511,0.36728696342004485,1.4134096420090032,1.0518103207652592,,0.18331996731987418
AShareSEO_preplan_recent_float_W,39.7126636525888,2.874425433717635,1.3031940339987096,30.4733313816169,2.2056772504534665,1.1310924146545582,7.03442315406652,8.690871713993086,1.7480880913534456,411.76479357061095,0.8679386071035975,5.3978325334118935,6.668900783198101,1.3413874263908552,315.9658368809097,-1.9157496993525283,,-0.3885422998714252
margin_slend_balance_orig_W_orig,1.0919698902847583,1.717969013262683,1.3031940339987096,0.8379181164098543,1.3182756891475949,1.8227678159270184,1.49902742393646,1.2558934905614858,1.128259464520307,1.129631567988307,1.3986925725358434,1.150271858855014,0.9637041436630222,0.8657647557350805,0.8668176330750649,-0.8961539784730284,,0.75714038009233
AshareStockRepo_pass_recent_float_W,1.8042132884621027,0.5873114876139828,1.3031940339987096,1.3844548404860861,0.4506707921397408,0.5264538502315212,0.7749160345522345,3.419332415528495,0.863682739540063,2.0199243338767436,0.4039719615782423,0.5946282858389772,2.623809138410989,0.662743012174439,1.5499797276379672,19.65337281227117,,0.4101300127019982
margin_borrow_float_M_yoy,0.6457040427809095,1.2324862248888269,1.3031940339987096,0.4954780531028343,0.9457426850758951,1.3358099400708374,1.3572202182876012,1.7980416758077242,1.6657724215689749,0.8255210541849457,1.0250276668103286,1.0414567461785549,1.3797190816555753,1.2782228725048201,0.6334598169176111,-4.675227514946921,1.6451720634419635,-1.0680231959640063
north_holdings_orig_M_orig,2.53743919836859,0.9479763085911559,1.3031940339987096,1.9470923992666946,0.7274252980443698,0.8039314601006956,0.749744881427247,0.8549920661379287,1.13413919760825,1.7787225165949119,0.6168931403360703,0.5753133162578532,0.6560742635649415,0.8702765421111289,1.3648946129204527,1.9446654594503263,,1.4343807628683738
AShareFreeFloatCalendar_anndt_recent_float_W,1.7868808056394856,2.477790772446406,1.3031940339987096,1.3711548388206134,1.9013214516057704,2.4585870572254973,2.684443338095529,1.4310128302725755,3.5988017180207574,0.9514755006467002,1.8865855682914612,2.0598953556122455,1.0980811705235236,2.761524089377715,0.7301103871134222,-17.441549508428576,,-1.1789390890878566
allETFselect_float_M_yoy,1.1314358877542063,1.7357938445795387,1.3031940339987096,0.8682021696205269,1.33195349218523,1.4300502655576863,1.565550051506552,1.3297353182023484,1.292741337669014,1.1953186580283188,1.0973425508784231,1.2013176938071388,1.020366333417135,0.9919791711310842,0.9172223221131647,0.27991260623477954,-0.360293832904484,0.021577764234051583
margin_slend_balance_orig_M_orig,1.2138922771599487,1.6914672082146587,1.3031940339987096,0.9314747040663254,1.2979396498805131,1.6708469387826117,1.421315382865182,1.144011280528535,1.0715629461768328,1.249471873412894,1.2821167801511484,1.090639878471535,0.877851839927674,0.8222589408952848,0.9587765450237867,0.2592361255906779,,0.44360979671394074
indusETF_amount_W_qoq,1.4330098752505893,1.2656742216065453,1.3031940339987096,1.0996135938817597,0.9712093430346371,1.4896266380404803,1.5225853242921934,1.1382562518099462,1.2593524229297042,1.3720137761728501,1.1430582086611634,1.1683489062793706,0.8734357448808526,0.9663583396445714,1.052808515369714,-0.26758500437912924,0.08936959539565609,-0.21046930760996158
ASarePlanTrade_under_next_float_W,0.7218911642305564,0.2998485932790496,1.3031940339987096,0.5539398933676144,0.23008745087559734,0.2978604974070435,0.9788886192671681,1.0,0.9329788947961976,0.7566418498534472,0.2285618945730521,0.7511457186951312,0.7673454404419029,0.715917100950388,0.5806056735325696,24.93953183848246,,-0.49758808036816077
indusETFselect_orig_M_orig,1.0266016462410674,1.6073462992157053,1.3031940339987096,0.7877580923932345,1.233389853914338,1.3823489333686432,1.308634679645457,1.28506936332121,1.3532174267423958,1.0227418812036024,1.0607391511201563,1.0041748546300917,0.9860921165961096,1.0383852223373022,0.7847963192905586,1.3465846363667384,-0.026354176100757215,-0.19143904061093117
allETFselect_orig_W_yoy,1.2463010384623099,1.9379897003417856,1.3031940339987096,0.9563434192820621,1.487107560180639,1.581151957472744,1.238701301513908,1.087180006778687,1.1275884293253025,1.3506738065413526,1.2132897452124995,0.950511795786148,0.8342426211412225,0.8652498399378177,1.0364333869738158,1.3087163756168618,-2.6979806062832807,-0.10738914915013517
margin_repay_float_M_qoq,1.0977952621931428,0.6894195492090709,1.3031940339987096,0.8423881889826315,0.5290229476370927,0.8855350384667646,1.548011391647818,1.6718804864605035,1.3979494026221508,1.3265972974204803,0.6795112741190169,1.187859483133078,1.282909868249258,1.0727101000705894,1.0179583874781566,-2.4419591711297555,4.27553836617288,0.4843644902580407
indusETFselect_float_W_orig,0.6545382838129101,1.351635722929765,1.3031940339987096,0.5022569676785048,1.0371715091285505,1.5880395632100235,1.6612221080583391,1.2885898701299903,1.4071850894119233,0.7993516793558932,1.2185749180705625,1.2747312101798527,0.9887935614438719,1.0797970622180708,0.6133788664633226,-3.1320966597206596,1.637932602193426,-0.37866982656090065
margin_borrow_orig_W_yoy,0.3494202498898513,1.712734000029756,1.3031940339987096,0.26812603555104775,1.3142586256126552,1.6103688636117022,1.7661768465988281,1.9063946633523428,1.490982553742509,0.5487105268408065,1.2357092049220482,1.355267750251669,1.4628632526061967,1.1440986643927387,0.4210505208937672,-10.74472988010636,2.913341386686102,-2.5888969840234486
north_holdings_amount_M_orig,0.9331559022704528,0.808159208464875,1.3031940339987096,0.7160529268286818,0.6201372837666591,0.7112553005863338,0.773256755468844,0.9758022897877181,1.3138959998528335,1.4701262178240468,0.5457785118950583,0.5933550455999169,0.748777437841374,1.0082121047019268,1.1280946501213822,2.199419462778257,,1.8190417790519462
margin_tr_balance_float_W_orig,1.2723544781681642,2.8169118157834174,1.3031940339987096,0.9763354074481775,2.161544437968327,2.3083020779176264,1.4715159073881705,1.1866006312469828,1.058133457254561,1.2238454568291153,1.7712650746526608,1.129161022072042,0.910532584012856,0.8119538838033147,0.9391122311033593,-3.210792339246216,,2.8218539546359747
north_change_amount_M_orig,1.939358294852606,1.5280884221187727,1.3031940339987096,1.4881577449383308,1.172571683304902,1.2041030192780227,0.7849438090786736,0.7653800079002491,1.0761631857305451,1.5204820728863937,0.9239629616653194,0.6023230528996197,0.5873108592676437,0.8257889137417666,1.1667349859030274,2.374738865337387,-2.1603361418472,0.9762779221907699
AshareStockRepo_preplan_recent_amount_M,1.9003755276957015,0.9790730642001853,1.3031940339987096,1.4582444963046717,0.7512872516734946,0.5148593620165622,1.8458627044999327,0.9623568600282728,1.2291995997720395,2.6469678790618074,0.3950749839122361,1.416414329979783,0.7384601486206817,0.9432207082780865,2.0311387329942523,3.7800834296388524,,0.2859251384260221
indusETF_float_M_orig,1.0185711666188095,1.5739399398443497,1.3031940339987096,0.7815959404705333,1.2077556363689645,1.4737174205397854,1.5541738555366726,1.2451306298253035,1.1623222554400763,1.1215731630212666,1.1308503431510066,1.1925882217000785,0.9554453115510015,0.8919026830360913,0.8606340527663721,-0.185011644254925,-0.6603844400031758,-0.24793441137396563
margin_slend_balance_amount_M_orig,1.2369277132041034,1.2811737479329137,1.3031940339987096,0.9491508408833985,0.9831028338901852,1.2634888094784136,1.4879650952420413,1.2639371510877122,1.2768325180648676,1.2274567336112743,0.9695323770026288,1.1417832313706822,0.9698764098922845,0.9797716109450298,0.9418833278763228,,-0.062398421839568195,-0.3021808888403241
margin_net_buy_amount_W_orig,1.3646792570096733,2.2014494723955447,1.3031940339987096,1.0471804055320166,1.689272215005954,2.0322872249600326,1.612936298804859,1.2364639549752827,1.1371797458010184,1.1702450190166382,1.5594663357414087,1.2376793146111473,0.9487949781210455,0.8726096929032937,0.8979821795422653,1.3847022154831623,-1.7404034157187207,-1.1826939327288917
MjrHolderTrade_over_recent_float_W,1.8945825479298453,2.036417408051653,1.3031940339987096,1.4537992796947696,1.5626356129049541,1.3114362146747223,2.4485820798227933,2.924072904383914,1.6553899538290513,1.6461091437838178,1.0063245997610366,1.878908294499772,2.2437740106987087,1.2702559332240546,1.2631343459522373,0.5584201673282312,,0.5104118930545304
AShareSEO_preplan_recent_float_M,3.841814030360898,0.6839944784388872,1.3031940339987096,2.9479984792231653,0.5248600443175175,0.33903122513963646,1.3927905261380493,1.0699684893729313,1.426884350462477,12.100981028080668,0.2601540647783323,1.0687514597227112,0.8210354417368295,1.094913200365288,9.285632616771672,2.1369013337453406,,0.3215761219141697
margin_slend_balance_float_W_orig,1.6170811671929877,0.6866809055276177,1.3031940339987096,1.2408598604700096,0.5269214618951346,0.7562012792676731,1.3402166762318715,1.7139093273767196,1.7155241239349548,1.5139632658699334,0.5802676037023831,1.0284091557107287,1.3151605076933746,1.3163996144695775,1.1617328090618257,,5.366662399854731,0.36099192605983366
MjrHolderTrade_over_recent_amount_W,2.017499051769138,1.956685367299368,1.3031940339987096,1.5481186984709105,1.5014535949765602,1.0500014072616355,2.1273008977066814,3.417859327170212,1.8896231686042324,1.7707085925914754,0.8057137923197976,1.6323746443031888,2.622678770775892,1.449993722581839,1.3587451648763678,2.2497977150749002,,0.7618682291044393
allETF_orig_W_yoy,0.7258026799911778,1.9069519005035858,1.3031940339987096,0.5569413771517439,1.4632908459934477,1.5857317207673092,1.3854467143168332,1.285470916654143,1.4262846888352883,0.9991291621600057,1.2168040056948874,1.0631162192062376,0.98640024671523,1.0944530527498566,0.766677206996019,-2.385350332136691,-0.4673144157791173,-0.3435612148953157
indusETFselect_float_M_yoy,0.8738017401579345,1.557389487095445,1.3031940339987096,0.6705077811603914,1.1950557219148434,1.377839338011351,1.469233347761727,1.200692683282662,1.5852491736301908,1.0304563855907407,1.0572787336845,1.1274095103501538,0.9213460558889046,1.2164337253494213,0.7907160090572982,-0.6316845818236363,0.0356977205396074,-0.5876456792283844
north_holdings_float_W_orig,2.521150006601999,0.9195706139439634,1.3031940339987096,1.9345929622361173,0.7056283177742617,0.7373600926293691,0.7243066787261991,0.8300924881876988,1.1861797335987045,1.8280322539622889,0.5658099050429656,0.5557934274021672,0.6369676859559048,0.910209610121557,1.402732215058697,6.9585729044219775,,5.492964537668418
indusETF_orig_M_yoy,1.236232797532046,1.1484126316492325,1.3031940339987096,0.9486176005109536,0.8812291966419251,1.5353856469364486,1.5265798233744015,1.1124047295907622,1.2611008075384786,1.1352853662819546,1.1781711754966253,1.1714140669369524,0.8535986971774793,0.9676999546022533,0.8711560494168735,0.6171397397034392,-0.6010401025453664,0.029810659982735715
allETF_float_M_qoq,1.2286406141874058,1.4793308513417913,1.3031940339987096,0.942791773238445,1.135157783682162,1.411951944320073,1.0777429575465174,1.3045474288445953,1.5366682923354285,1.22376858871921,1.0834548865970877,0.8270011444416915,1.001038521364108,1.1791554075952362,0.9390532467097081,0.31635451387265207,-0.13972946715450596,-0.05414619823737778
AshareStockRepo_conduct_recent_orig_M,1.1931030622903713,1.2668383827750458,1.3031940339987096,0.9155221948257881,0.9721026567992255,1.8979488824491588,0.7818705652187681,1.4376307089514375,0.6852968570911133,1.5456562196259394,1.4563824211391672,0.5999648132363552,1.1031593695531459,0.5258594186380321,1.186052252620633,1.875656659112298,,0.28531267588188736
allETF_amount_W_qoq,1.5072037101794802,1.5317990336266694,1.3031940339987096,1.1565458948233434,1.1754190041267378,1.5777017140230316,1.334205735192013,1.1185736579128376,1.0503221503882114,1.4006793537235147,1.2106422166329482,1.023796687511028,0.8583323961978367,0.8059599130955287,1.0748049156008503,-1.4282703251315085,-1.0524934210830657,-0.7091819386158084
north_change_float_M_qoq,1.4027196753246138,1.4292280804635857,1.3031940339987096,1.0763705470784888,1.0967116508952657,1.145099407878217,0.9075832969259268,0.9104040272264066,0.970825400311786,1.2326993498609071,0.8786868094880727,0.6964299047173396,0.6985943792521291,0.7449584443944341,0.9459062255514651,1.336806010733885,-1.7047223693865197,0.31729067839370856
allETF_orig_M_orig,1.4405068700959698,1.307720069979976,1.3031940339987096,1.105366378693379,1.0034730330735009,1.3034496678546403,1.5248817115876745,1.2102437151000949,1.2658994472938645,1.237102813087266,1.000196159473771,1.170111028600047,0.9286749966055272,0.9713821689388719,0.9492852029803653,1.2437297050727176,-0.39944645746553126,0.5410295013870733
north_holdings_orig_M_qoq,1.941240419866864,1.9085180015130117,1.3031940339987096,1.4896019849863633,1.4644925864623022,1.2759569862268552,0.8080682440588757,0.9473790446658275,0.8583954277731379,1.288701089676917,0.9790997755811692,0.6200674826444731,0.7269669902945286,0.6586858175978941,0.9888789052560941,1.723632090802892,-2.177146543399151,-0.020167093381893042
margin_repay_float_M_orig,1.742936131722075,0.49344839561229903,1.3031940339987096,1.3374340936583822,0.37864537646646995,0.7132593624796094,1.1232096253950847,1.5412770199719712,1.6662345453075156,1.9060029840681936,0.5473163196512267,0.8618897847073761,1.182691893733376,1.2785774810485093,1.4625626992933893,,3.8825211913222786,1.1598426969355122
indusETF_orig_M_qoq,1.1084020030971666,1.3495475283777352,1.3031940339987096,0.8505272232532828,1.0355691425602946,1.4762230403683034,1.5401796918130213,1.1949703570831456,1.2711670893122804,1.1383985854736856,1.1327730191019008,1.181849863973937,0.9169550549709843,0.9754242700235836,0.8735449639687445,0.5068021057459307,-0.4418067289545613,-0.36718823447949167
allETFselect_float_M_qoq,1.3330126108984885,1.4991474506195153,1.3031940339987096,1.0228811490245115,1.1503639607829879,1.5483006423918646,1.2637513644003557,1.232738658205799,1.2731421348241805,1.1513110785182359,1.1880814383726666,0.9697338473248467,0.9459363886306893,0.9769398121918053,0.883453306631218,1.0242143061466749,-0.31719264432920385,0.19487977786473362
AShareFreeFloatCalendar_listdt_next_float_W,1.7674176827028307,1.425637322403259,1.3031940339987096,1.356219900178411,1.0939562990699438,1.0903561730948397,1.1829172613107726,1.8579395101203344,2.085426196276787,1.0209749332955937,0.8366798378820075,0.9077061668868444,1.4256814117077012,1.6002422830910932,0.7834404598698498,-8.581296138097782,,0.06405689632803595
north_change_orig_M_orig,2.01890048679383,1.6305748465373666,1.3031940339987096,1.5491940832471838,1.2512141737897038,1.1427671612741612,0.7686185137257621,0.8416487778420378,1.066208393088825,1.4982146954281934,0.8768971706904644,0.5897959119466957,0.6458353521305878,0.8181501489975981,1.1496482153398786,2.130596042453116,-2.2621185332937674,0.7438394128644048
margin_slend_balance_orig_M_yoy,0.8623999383237961,1.7194273427324387,1.3031940339987096,0.6617586605101432,1.319394731616874,1.4862081616765108,1.5342078317860741,1.3805639463791513,1.2665186493208815,0.849099953337663,1.140435056410013,1.177267384411302,1.0593694494925214,0.9718573107910158,0.6515529776730882,-0.7978101294064089,-1.347359288164742,-0.5910547038220614
AshareStockRepo_conduct_recent_amount_M,1.4954795832827137,0.9867057970562874,1.3031940339987096,1.1475494395059473,0.7571441944287357,0.8017226779480804,1.4982730532329163,1.261373851897771,1.7113978449034126,0.9690086354833622,0.6151982414223316,1.1496929959352469,0.9679094739463947,1.3132333330687327,0.743564358186988,1.8371210906353683,,0.31121549397411785
indusETFselect_amount_W_orig,1.1054196675879822,2.0569238734677247,1.3031940339987096,0.848238741698442,1.578371155641556,1.5733603582094906,2.0188747899725583,0.9264921036381308,1.192066508433704,1.0538753288031242,1.2073108970440918,1.549174364908547,0.7109394913321466,0.9147267999501021,0.8086864283512886,3.7186271010839533,-1.4636053175676074,-0.3111615022378847
AShareFreeFloatCalendar_anndt_recent_orig_M,1.4549921174179916,1.9133099682823733,1.3031940339987096,1.1164815671796058,1.4681696803135211,1.9077467820083527,2.205736003146092,1.5703985426073557,1.4598175501510613,1.28439903292657,1.4639007946918223,1.6925614648327008,1.2050381613463637,1.120184340985486,0.985577741624193,-0.6287470266025503,,0.11808351028734505
AshareStockRepo_pass_recent_orig_M,2.125692266936494,0.7324330509297992,1.3031940339987096,1.6311402688163312,0.5620291620599335,0.7924516026556642,2.025895376654196,2.257489396987391,1.1707591140449831,0.9136779107791704,0.6080841240687025,1.5545615800879289,1.7322741956242154,0.8983766680182196,0.7011065788688802,-0.16723909691552255,,0.1287810143261286
allETF_orig_M_yoy,1.7476502315681888,1.260404992323726,1.3031940339987096,1.3410514366810855,0.9671660239698228,1.3175158485875933,1.3511512764484368,1.3148969893178595,1.4051456924754044,1.250893245889005,1.0109897791236342,1.036799771329965,1.008980209403845,1.0782321402775819,0.9598672287125001,1.4792254594995577,-0.3478921672814834,0.2090065266142649
AShareSEO_preplan_recent_amount_W,113.00439065503551,1.0468286097273811,1.3031940339987096,86.71340391905707,0.8032791605984422,0.20377762397819002,1.5181545216447718,13.705591617051935,38.99637591613796,214.57128515461912,0.1563678306237487,1.1649489500703738,10.516923235903569,29.923691253006897,164.65029731315636,17.252148752234213,,-0.034852210671521
allETFselect_float_M_orig,1.2280653244978064,1.5448475525823464,1.3031940339987096,0.9423503273181977,1.1854317256518965,1.3146314380850925,1.413653402025831,1.1435827659429838,1.4470376620486467,1.1022404092941946,1.0087764398761776,1.0847604924097056,0.8775230212142885,1.1103777521207403,0.8457991523427171,0.4722940702892492,0.6731331766186078,0.3665312884510121
MjrHolderTrade_under_recent_orig_W,1.315461047224666,1.0235424763616163,1.3031940339987096,1.0094130366667782,0.7854106523347004,1.1136661168399256,0.9110808238513031,0.9368401214301787,1.278551306001226,1.355588570292534,0.8545666169317564,0.6991137160563499,0.7188799956024863,0.9810905150310809,1.040204708529134,5.6834409480094354,,0.763333400328607
allETFselect_amount_M_orig,1.1089851643457678,2.219239271759872,1.3031940339987096,0.8509747093784392,1.7029231364345467,1.746925911514932,1.2554419411418039,1.0109579064451828,1.2198601079505513,1.2153930010604435,1.3404956329907982,0.963357649274695,0.7757539399894029,0.9360540918128231,0.9326262777087322,1.0365213976221899,-0.19873479914258396,0.426026241720356
AShareFreeFloatCalendar_listdt_next_amount_M,1.4088573029438611,1.5229498123378016,1.3031940339987096,1.0810802276472486,1.1686285945192638,1.754390893093575,0.6811781449597638,0.7017015974651775,1.3034558475255216,1.4989804213430213,1.3462238525681527,0.5226989436635483,0.5384475213657035,1.0002009014160451,1.1502357916292498,-0.40357228638428133,,0.15891777253125872
allETFselect_amount_W_orig,2.277082005590508,2.49968929655841,1.3031940339987096,1.74730849450218,1.9181251842355236,1.6911601352820473,1.1395629161434182,0.9705508653404351,0.8163724206157383,1.7929107150605812,1.2977040188657907,0.8744384077993305,0.7447477812359262,0.6264396546620061,1.3757818623211688,2.06119905724839,-3.9648274323610475,0.43261577515257266
margin_slend_balance_float_M_orig,1.5816878721946588,0.7285343204971009,1.3031940339987096,1.2137009769308267,0.5590374890388903,0.8440933306504413,1.2796187968258308,1.5545755600897442,1.4924396745863522,1.482714959229044,0.6477111685820357,0.981909649248055,1.1928964678572826,1.1452167794284347,1.1377545634394088,,1.8115211599284515,0.4269112759115744
allETF_float_W_qoq,1.093312926417644,1.2692180859778972,1.3031940339987096,0.8389486890627729,0.9739287112015386,1.4285524144161217,1.3276039144630265,1.2166199063695258,1.3748738473166768,1.2941782101730641,1.0961931816344828,1.0187308104760255,0.9335677379035104,1.055003177921269,0.9930817486955634,-3.33803951800041,-1.394287868430078,-1.487430832691659
margin_borrow_amount_M_qoq,1.2721978693633615,1.286731511345725,1.3031940339987096,0.9762152343958791,0.9873675583040606,1.211377420869705,1.5132609766345129,1.3047476040475825,1.3342726823155098,1.4382086440527857,0.9295449405586402,1.1611939106191544,1.0011921248934097,1.023848059080994,1.1036028454180369,-0.239506334672321,0.505207752804627,0.43422957872663487
margin_tr_balance_float_W_qoq,0.9280194518945755,0.8055890879482737,1.3031940339987096,0.7121114950526963,0.6181651135068589,0.9579726053093146,1.2974583344249877,1.8000686259706489,1.960449432010479,1.198654279950365,0.7350959107523533,0.99559873708436,1.3812744526210985,1.5043419328701595,0.9197818963860848,-3.484282315086467,6.821115340886608,1.6153146879556872
ASarePlanTrade_under_next_orig_W,0.7585054878226699,0.2998485932790496,1.3031940339987096,0.5820357276308871,0.23008745087559734,0.2978604974070435,0.9788886192671681,1.0,1.0273457885398183,0.7219922472448357,0.2285618945730521,0.7511457186951312,0.7673454404419029,0.7883291065932209,0.5540174589577277,18.643294657922475,,-0.43869145691145567
margin_slend_balance_orig_M_qoq,0.9851938086703003,1.6857383267938575,1.3031940339987096,0.7559839770347474,1.293543618843429,1.508256724705288,1.5245318157686962,1.4923584224107886,1.2104900384286434,0.9392340259367367,1.1573539207184411,1.1698425376387243,1.14515443094199,0.9288640116885634,0.7207169473104469,-0.5380374819740973,-0.41820051429272237,-0.3775419290571042
allETF_amount_W_orig,1.1237093163206346,2.6702149371391117,1.3031940339987096,0.862273220260727,2.0489772570135596,2.243271736627065,1.5129666404239794,1.146490250777259,0.8395074960999608,1.0458884682547513,1.7213643387729678,1.1609680530700446,0.8797540664450235,0.6441922493491035,0.8025577473260493,-0.016730122407366113,-1.9392887262954384,-0.7107994975518994
north_holdings_orig_W_qoq,1.6147076155214342,1.9119304483500317,1.3031940339987096,1.2390385264171897,1.46711111198344,1.2591255932488146,0.7759584763733725,0.9251405814397407,0.7574111281004332,1.3483479331103003,0.9661842829231839,0.5954281988173534,0.709902406935556,0.5811959756878254,1.0346486386014528,4.033481436512727,-4.535038217285529,0.27149313315540186
AshareStockRepo_conduct_recent_amount_W,1.0579768869542536,0.8985582250042193,1.3031940339987096,0.8118337402972651,0.6895045569285572,0.8009035422920198,0.8679496313629868,0.8983267329494233,0.6228069379273075,1.4186246859819354,0.6145696814115501,0.6660171921596183,0.689326922555811,0.47790806409410264,1.0885751844865643,5.326401994683142,,0.042572437927870965
allETFselect_orig_W_orig,1.2085505631950095,1.5800250699669351,1.3031940339987096,0.9273757642111844,1.2124250332230264,1.3786097905712025,1.205842412826978,1.1128103102635385,1.1113265718336107,1.3971961104837791,1.0578699369433788,0.9252976773742444,0.8539099176574656,0.852771377738452,1.0721320647828891,-0.6392681258358273,-0.9349131025641364,-0.39689042131022745
margin_repay_orig_M_qoq,1.7762310216432753,0.5843833503815526,1.3031940339987096,1.3629827756294302,0.4484238993854474,0.679393206005234,1.2965705295701972,1.7010878863321333,1.5177480955700884,1.768596266146218,0.5213292788953228,0.9949174840770343,1.3053220333679165,1.1646370808750888,1.3571242808098747,-1.7160666957347304,3.668260463177583,1.0636076024599963
allETFselect_float_W_orig,1.4030204215704007,1.2310017928874204,1.3031940339987096,1.0766013233389236,0.9446036129479698,1.2695418641129108,1.4112044303433013,1.1430865811048938,1.0452924624269424,1.3499434285551286,0.974177160877156,1.0828812851553453,0.8771422760411637,0.8021004049716034,1.0358729347562876,-0.23942952305080392,-0.66081795821772,0.15182538328505732
margin_net_buy_orig_M_orig,0.7568834660675463,2.2375274545143986,1.3031940339987096,0.5807910766327954,1.716956490085201,1.80188175724194,1.6313307426363313,1.3633139372511107,1.2459805971383986,0.8320244287203675,1.3826657506350466,1.2517942072146921,1.0461327336405384,0.9560975300932296,0.6384501517148531,-1.2304009890976026,-1.303577024999198,-0.6710661991766737
margin_borrow_amount_M_yoy,1.3593038515506233,1.078203691772873,1.3031940339987096,1.043055612662488,0.8273546867495409,1.1770730076572997,1.3965099134589294,1.3874358415479635,1.475780478997577,1.4951095023681003,0.903221605493066,1.071605514624626,1.0646425669175044,1.1324334216519583,1.147265459603524,-0.749492576695444,1.2512351760371283,0.32605352128189125
AShareFreeFloatCalendar_listdt_next_orig_W,1.28448920993076,2.06194822278027,1.3031940339987096,0.985646938537191,1.5822265671777251,1.561906893290952,2.3157941309910237,1.326721107932248,0.9397638933478869,1.1387905342565259,1.1985221329615898,1.777014067418081,1.0180533929098403,0.7211235386524317,0.8738457240801437,-0.41718144786725536,,0.3917370271626045
indusETF_amount_M_orig,1.0093121339056175,1.7616843827801496,1.3031940339987096,0.7744910639351629,1.3518204786240557,1.787157740047225,1.46646771882144,1.0449950708136215,1.131027058112421,1.1802966195716593,1.3713673431756936,1.1252873175928704,0.8018722028730959,0.8678884560589855,0.9056952293973041,0.6149262211620751,-0.27754864072997176,0.056725749828265844
north_change_orig_W_orig,2.137980197082059,1.147190926496537,1.3031940339987096,1.6405693559859988,0.8802917267634398,1.0523934057233522,0.7229332609349927,0.7235516607866223,1.1022364625949017,1.7358608453893436,0.8075492814329399,0.554739541522263,0.555214067828781,0.8457961238610099,1.3320049049511398,4.758145591066083,-4.596662633887703,1.9430566090795387
margin_borrow_orig_M_qoq,0.5973499009963879,1.6592168224966315,1.3031940339987096,0.4583737228780003,1.2731924634472924,1.6938854358949815,1.5790344014802784,1.5933579330445677,1.31249627874909,0.6968056602785138,1.2997952658649592,1.2116648482768009,1.2226559449136838,1.007138035095079,0.5346906462888271,-3.352649223567018,2.3970563835254963,-0.91207913679333
ASarePlanTrade_under_next_float_M,0.664709968934853,0.2570558403067785,1.3031940339987096,0.5100621638784384,0.19725062699836843,0.28281312970446254,0.8631567728871363,1.0,0.9956559513466549,0.7434995594677987,0.21701536557582382,0.6623394140614912,0.7673454404419029,0.7640120545147007,0.5705209969281787,5.909355586253099,,-0.17427458955579006
allETF_orig_W_qoq,1.0974877870638098,1.6070169611767458,1.3031940339987096,0.8421522493440885,1.2331371378717784,1.3230152384400222,1.3744859746637144,1.2669558093797315,1.4609993817543363,1.207106510430905,1.015209710852108,1.054705545609546,0.9721927635689177,1.121091214077629,0.9262676769068914,-1.7045359109781486,-1.2639408201967821,-0.6592905649629517
indusETF_orig_M_orig,1.1690047007156334,1.484481865219214,1.3031940339987096,0.8970304269492927,1.1391103906946554,1.4569182323322452,1.5000393540071824,1.1906418571519806,1.2820430248370414,1.1141340476300088,1.1179595626768253,1.151048358780829,0.9136336002848517,0.983769869559049,0.8549256814899692,0.793050303348005,0.03244462843039271,0.1387263996530707
allETF_float_W_yoy,0.7515044261462105,1.6231579653468393,1.3031940339987096,0.5766634948752034,1.2455228638258533,1.674272937586494,1.5126737274295505,1.298436709568826,1.2655145092686664,1.100343379035434,1.2847457047122668,1.1607432876193233,0.996349488790026,0.9710867885003834,0.8443434748232768,-2.3506681487967396,-0.26489348088703946,-1.212948727958017
margin_tr_balance_float_M_yoy,1.0076968753822384,1.3435060001571666,1.3031940339987096,0.7732516026721131,1.0309332034269403,1.3061751690830354,1.470739542913933,1.3880888939824025,1.1846627441288333,1.0768810266736968,1.002287560414299,1.1285652823326149,1.0651436837254404,0.9090455551686529,0.8263397457164564,-0.9890432467810616,1.2842174755699056,-0.7804981300784057
AShareSEO_preplan_recent_amount_M,2.2542949113790822,1.0717917597816473,1.3031940339987096,1.7298229216581222,0.8224345199716504,0.569618343113576,1.4277976627829967,1.2409381961586619,2.1697561701804124,2.7050996137030294,0.4370940383802739,1.0956140264101382,0.9522282666925489,1.664952504058625,2.0757458545161724,2.544681116951292,,0.47338395995946236
margin_borrow_orig_M_yoy,0.6588389468308533,1.386109163086687,1.3031940339987096,0.5055570618362006,1.0636245462493112,1.3700689645866602,1.4130065576828024,1.6814358272280003,1.4572232335255206,0.8058634145916227,1.0513161730665326,1.084264139352407,1.2902421154190653,1.1181936039518146,0.6183756168058245,-3.1978530754858268,2.0425977285365957,-1.0734701132727236
margin_net_buy_float_M_orig,0.6188185829854368,1.9511176038010718,1.3031940339987096,0.47484761811459425,1.4971811970426836,1.7447822901365146,1.5797173139864586,1.583642894729691,1.248711618438997,0.7493182726359837,1.3388507349000358,1.212188878074639,1.2152011545590449,0.9581931668359935,0.5749859599470248,-3.0974075890238155,0.6292205408870858,-0.9383318042554507
margin_repay_amount_W_orig,1.2482349310832102,2.0912551182608317,1.3031940339987096,0.9578273829670142,1.6047150797982417,1.9041212271448518,1.4635848752060512,1.1790772368911262,1.218887068936067,1.343680516567069,1.461118741698243,1.1230751806890948,0.9047595416572431,0.9353074347616863,1.0310671177983612,,0.29232050497029993,-4.468085208940587
margin_slend_balance_orig_W_yoy,0.7364599099517,1.841043439776275,1.3031940339987096,0.5651191539696914,1.4127162891678016,1.8611075747188972,1.584071288181312,1.5247316703766058,1.347634301921695,0.7310452846530809,1.428112411632434,1.2155298803208614,1.169995895160855,1.0341010369627195,0.5609642659350946,-2.969503325966623,-0.7472585474180328,-1.5937312169079434
AShareSEO_preplan_recent_orig_M,2.136842748453048,1.2153301873380025,1.3031940339987096,1.6396965399667904,0.9325780778852198,1.2295846307870144,0.7846511103567408,1.2129866769044453,1.1978082464507613,5.527575219584631,0.9435161600718561,0.6020984518699215,0.9307797958394017,0.9191326964377028,4.241559641447917,0.7811328265195047,,0.2182443594745333
north_change_float_W_yoy,1.5024022601993767,0.9879734197676628,1.3031940339987096,1.152861524073601,0.7581168989365102,0.9222860622801567,0.8639741658200667,0.8361488411210912,1.0575879960532082,1.430769795265137,0.7077120046737951,0.6629666368016247,0.6416150007650504,0.8115353266375185,1.0978946787186978,4.336700922886591,-2.5793808282347204,2.4618888972839907
north_change_float_W_orig,1.8216363548646712,1.0404873550517963,1.3031940339987096,1.3978243510486137,0.7984132277364513,0.9127759855586445,0.8175701961802877,0.7575921875435754,1.136821206428842,1.653105386374516,0.7004144906632901,0.6273587622801359,0.5813349108259696,0.8723345693508353,1.268502880804435,4.861299609496115,-1.688908130257944,3.5220138473690605
north_holdings_orig_M_yoy,1.9728612829769312,1.3629860320059457,1.3031940339987096,1.513866110116711,1.045881117045764,1.0516372224150112,0.9088881443016754,0.8913695019222008,0.9039878223058946,1.429514493870591,0.8069690276191462,0.6974311734015929,0.6839883230489707,0.6936709336614333,1.0969314289172125,1.2445300661185617,-1.5795230737329597,-0.08027265394741005
margin_net_buy_orig_W_qoq,0.7856727605433322,1.440000421097777,1.3031940339987096,0.602882410482329,1.1049777573637993,1.4859851269290911,1.8848792496025975,1.7805640310683413,1.2275411434568562,0.8885797233070656,1.1402639117135205,1.4463534979661086,1.3663076906551463,0.9419480993864584,0.6818475991488044,-4.556686912323121,1.9217537357919834,-0.8394805647076415
indusETF_amount_W_orig,1.218339317159622,2.3119832547218175,1.3031940339987096,0.9348871199335373,1.7740898088888173,2.0116604435845873,2.4850139687491657,1.1105342537881766,0.904743705582877,1.061797148727118,1.543638469101969,1.9068641383541096,0.8521633960989083,0.694250957247532,0.8147652007499671,1.3046841201067867,-1.9505737377563912,-1.039539990123814
indusETF_float_W_orig,0.6904887189731466,1.53889707593253,1.3031940339987096,0.5298433701806144,1.1808656545262037,1.6231925543920735,1.816784883196443,1.4857645136946678,1.3186383066987504,0.9471566780406729,1.245549405572003,1.3941015963845658,1.1400946251539845,1.0118510922373176,0.7267963582786098,-2.8871778211840686,-1.2425625162353318,-1.424674505223929
AShareFreeFloatCalendar_listdt_next_orig_M,1.1917491896435193,1.6906282557121575,1.3031940339987096,0.9144833068232872,1.2972958835029715,2.8210621744154576,0.5296482386909931,0.9069542967100543,0.593526199898855,1.8826091857977518,2.1647291967408218,0.4064231609976182,0.6959472442696529,0.4554396232751958,1.444611574855948,1.1820305459307794,,0.24445985330993994
AshareStockRepo_preplan_recent_float_W,1.1929426560438279,1.638866090969612,1.3031940339987096,0.9153991078238846,1.2575764224003767,1.6480446682518304,1.5631160999880735,0.6785299158075008,1.8291233826975508,0.8307397925333975,1.2646195618276306,1.1994500122071778,0.520666837098314,1.4035694877186355,0.6374643919941549,-10.760577457041112,,-0.0053215064652488014
ASarePlanTrade_under_next_amount_M,0.8858196521413568,0.2604761734775414,1.3031940339987096,0.6797296711245027,0.1998752040617455,0.2614815620069494,0.8565191506251241,1.0,0.9956559513466549,0.9908178783453253,0.20064668436565933,0.6572460648833605,0.7673454404419029,0.7640120545147007,0.7602995812566055,7.314155548709676,,-0.15293501644774082
margin_slend_balance_float_M_qoq,1.1829166390516828,0.8358556343455701,1.3031940339987096,0.907705689399169,0.6413900098827476,1.0575356809507626,1.3085841749200533,1.5139991819231695,1.4672190671291974,1.3166892523793958,0.8114951828821906,1.0041361000593325,1.1617603690815153,1.125863861291012,1.0103554942921873,-0.8877129434672566,1.3425424661202006,-0.01129489617658085
AShareSEO_pass_recent_orig_M,1.25360908158976,0.8524770844654737,1.3031940339987096,0.9619512128544638,0.6541444038457882,0.9244200319639003,0.9156205697638772,1.2456242067150765,1.3596876975828889,1.2377956481403913,0.709349496580657,0.7025972693831284,0.9558240555268762,1.0433501551651787,0.9498168467993593,1.772334906671351,,0.22989405547091057
margin_slend_balance_float_M_yoy,1.4759717185137309,0.8192511704557962,1.3031940339987096,1.1325801684227113,0.6286486502259474,0.8944216699736526,1.5218189019500836,1.4601762721420788,1.2241122685786552,1.4057620016812467,0.6863303902867147,1.1677607955897,1.1204596046696793,0.9393169678828251,1.0787050623365873,0.3263705224336896,0.9602442577396751,0.11150870971384369
ASarePlanTrade_over_next_amount_W,2.617543163633354,1.74903173811158,1.3031940339987096,2.008559811773928,1.3421115294280974,1.6410702819611487,1.2548289393253367,1.2974749433810704,1.2478744975493772,2.6954340016858453,1.2592677983075955,0.9628872651258463,0.9956114818910805,0.9575508059382452,2.0683289912057057,,,0.13765047389513546
MjrHolderTrade_over_recent_orig_M,1.394883543642076,1.722657380461711,1.3031940339987096,1.070357527161191,1.3218732863408862,1.7237857960249476,1.8271178416098084,1.6828120342031607,1.5326646981786123,1.3134884236619064,1.3227391708782597,1.4020305449093373,1.291298141566559,1.1760832678736235,1.0078993529701863,-0.6914133406515885,,-0.1181267145370368
allETF_amount_M_qoq,1.2706681038007654,1.581506040382249,1.3031940339987096,0.975041375766476,1.2135614491186466,1.5816438324391666,1.1021817308571547,1.1406989211339718,1.2617556515190322,1.4581790945343276,1.2136671832252517,0.8457541257116022,0.875310116049151,0.968202446144932,1.1189270795386188,-0.07451816805313291,-0.42680390806095736,0.17080313327787244
AShareSEO_offering_recent_float_W,0.48844092706571224,0.2704716294767795,1.3031940339987096,0.37480291830909035,0.20754517164789854,0.3726865207195076,0.3764397764110888,0.7107057883290093,1.6259069395577976,0.13154985156802534,0.2859793023882709,0.2888593460300184,0.5453568461699335,1.2476322766525247,0.10094417879153336,,,-0.34076537227264436
margin_net_buy_orig_M_yoy,0.841473157920474,1.9061099058973696,1.3031940339987096,0.645700590984525,1.4626447452714912,1.7354557318095998,1.5309551905451686,1.4077014363437619,1.209565856972636,0.8749304066127095,1.3316940428928623,1.1747714849856998,1.0801932786819033,0.9281548452621551,0.6713738582182428,-1.266462419097099,-0.37709283625445744,0.1462964146472465
margin_repay_float_W_yoy,1.4908439649528602,0.4053114165852592,1.3031940339987096,1.1439923189169054,0.31101386747574733,0.6570411933058178,1.6131447996946435,2.085285567699928,1.6435194796200112,1.5264723699812144,0.5041775638657262,1.2378393068182514,1.6001343723938446,1.2611471789638646,1.1713316130656304,-1.7258516512916713,13.437100433429764,4.14241741094377
allETF_orig_M_qoq,1.6335681200335919,1.2621643198009094,1.3031940339987096,1.253511048559028,0.9685160358876836,1.3063357481830784,1.196991971632613,1.2481016033292835,1.3585859919207357,1.3849847281926417,1.002410780054547,0.9185063316778491,0.9577250745229543,1.0425047663486164,1.0627617162602918,1.211949848818507,-0.20742177572351334,0.24136671897919132
margin_repay_float_M_yoy,1.2141656116044786,0.6732848056809786,1.3031940339987096,0.931684446006051,0.5166420257581116,0.8700651628299013,1.7322374551358364,1.7015332926893825,1.3735103902258192,1.2869487402500264,0.6676405355848666,1.3292245129611695,1.3056638139052954,1.0539569353393612,0.9875342479133086,-1.6898196290864187,4.776204361809195,1.0476171829293581
allETF_amount_M_orig,0.9320729028938961,2.2301542485127404,1.3031940339987096,0.7152218921950797,1.7112986940783896,1.7019246460354167,1.3642601211470469,1.2366951846035603,1.0555918051570092,1.228029912621179,1.3059641171109766,1.0468587835389045,0.9489724111219994,0.8100035586550686,0.9423231541761302,1.3041068181165256,-0.46327001756038144,0.3851390878494624
margin_slend_balance_amount_M_yoy,1.3810622303257767,1.3157000617825512,1.3031940339987096,1.0597518054070099,1.0095964433979705,1.291365896332924,1.397706547220975,1.3524952131739796,1.0495195656329415,1.330887407431755,0.9909237324932403,1.0725237460858106,1.0378310350485527,0.8053440533430041,1.0212503838343023,0.6982556611453603,0.6369112850915123,-0.4689643142060219
margin_net_buy_float_M_qoq,0.8965444401019325,1.2803555574980776,1.3031940339987096,0.6879592882657566,0.9824749991906006,1.2756031391808493,1.3564202231541787,1.5740083163592378,1.5537564489988969,1.019215833687614,0.9788282526638028,1.0408428735605475,1.2078081047758973,1.1922679266965055,0.7820906228063834,-2.738929888365783,2.782889554358169,0.3741498412952122
ASarePlanTrade_over_next_float_M,1.042901527500094,1.4548108043644736,1.3031940339987096,0.8002657319570928,1.116342437434696,1.4722796228607953,1.0498133322692855,1.1677726493885805,0.9642351838578753,1.139216574430703,1.1297470556577556,0.8055694738319567,0.8960850179810882,0.7399014718470006,0.8741726440652436,,,0.07514716213172379
margin_net_buy_amount_W_yoy,0.8469522966111594,1.8735128739139009,1.3031940339987096,0.6499049830763713,1.4376315614070376,1.7713201816703017,1.6125974564143915,1.3852398602934455,1.3509845706447705,1.0460997728149461,1.3592144649674291,1.2374193054477935,1.062957490714554,1.0366718503916266,0.8027198909168595,-0.07750205592791595,-0.42196652567778287,-0.2406800056761224
allETF_amount_W_yoy,1.1577496866119226,1.7426316706752978,1.3031940339987096,0.8883939431947008,1.3372004668623454,2.3467389783110484,1.4121112557916315,1.239628205111937,0.8731966283390066,1.1981667106897897,1.8007594549142727,1.0835771335283981,0.9512230510358248,0.6700434513651796,0.9194077623370828,-0.591828009777469,0.2068984368631263,-0.10353740376280164
ASarePlanTrade_over_next_float_W,2.098155299667916,2.2382075392900207,1.3031940339987096,1.6100099025391899,1.7174783500368886,2.554394282575403,0.9420872806352931,1.0213167376096677,1.4524401077678766,1.8025207200537887,1.960102805825101,0.7229063792938036,0.7837027418517778,1.1145232942106262,1.3831560558353304,,,0.06669826832300636
margin_tr_balance_amount_W_orig,1.8999927843366304,0.25985274656420027,1.3031940339987096,1.457950799933229,0.19939682026234443,0.4573002147383342,1.3503026461030343,1.811952315176017,1.9337796111203627,2.0186193677480038,0.35090723469256385,1.0361485787037998,1.3903933473484664,1.4838769674127263,1.5489783678291476,6.368168235697752,,5.256890429393234
margin_tr_balance_amount_M_yoy,1.1251284860459456,1.0266558038713334,1.3031940339987096,0.8633622136786575,0.7877996500038842,1.1236791913497517,1.135918684854811,1.5777112347458724,1.4817056191150764,1.147764103349452,0.8622501040016765,0.8716420235361021,1.21064952231621,1.1369800509051007,0.8807315514080909,-1.3934217873398855,2.937200083392784,1.1100719863224735
AshareStockRepo_preplan_recent_amount_W,0.8875736954182144,2.2296608411956087,1.3031940339987096,0.6810756282353371,1.710920080223308,1.4262235595300905,1.243962616974167,0.4952994350494296,1.9877037287151182,0.8057513344556749,1.094406145456236,0.9545490422153045,0.3800657631386302,1.525255393178915,0.6182896126245409,4.015752304727596,,0.3972576811095142
AShareFreeFloatCalendar_anndt_recent_orig_W,1.9605309459147566,2.16643777024575,1.3031940339987096,1.5044044821929394,1.6624061449991991,2.6966205859602876,1.3719757605313911,3.184877237687299,2.0896731425626935,1.1838594243910767,2.069239511238399,1.052779344240575,2.4439010267065515,1.6035011579593854,0.9084291314306684,-7.127366384533851,,-0.23207160699029983
MjrHolderTrade_over_recent_float_M,1.4513817510464393,1.7382034108642488,1.3031940339987096,1.1137111690060701,1.3338024618872448,1.4672991362998566,2.090062620314076,1.5814771838326367,1.699156611626821,1.305985476017057,1.1259253020040372,1.6038000219360624,1.2135393061768749,1.3038400785285544,1.002142000305037,-1.383030574117185,,-0.2043883292084024
north_holdings_amount_M_qoq,1.5276212192468843,1.0439386954094898,1.3031940339987096,1.172213177311397,0.8010615980233404,1.0631484667089794,0.852508320317557,0.8130392973028021,1.0767568223799948,1.4791978283577192,0.8158021284419356,0.6541683725344626,0.6238819976853939,0.826244438118001,1.1350557091018603,1.6388939364809594,,
AShareSEO_preplan_recent_orig_W,31.70904533922558,4.100353834720417,1.3031940339987096,24.331791361820322,3.146387819271184,3.366284537827637,2.5006826759800074,9.843680494649979,4.807532870086806,170.64462609588142,2.5831030913321156,1.9188874494053152,7.553503344736557,3.689038427635686,130.94337577058798,9.454348714215426,,-0.19076521865847343
margin_net_buy_amount_W_qoq,1.2966073137386869,1.9233954213565982,1.3031940339987096,0.9949457102410053,1.4759087067448182,1.9790986885376745,1.3825858096102004,1.188541341487257,1.1671849234337168,1.2484279628787138,1.5186523548339341,1.060920917024064,0.9120217791669494,0.8956340291493942,0.9579755050351543,0.41541635087001616,-1.0775130325478803,0.2087840869227211
margin_net_buy_float_W_qoq,0.7027976447715021,1.0618416006095888,1.3031940339987096,0.5392885682687203,0.8147993106993,1.3603367215075874,1.6949076032518602,1.8580166300436876,1.3257058384466358,0.9239253837407362,1.043848180714534,1.3005796213256287,1.4257405893292536,1.017274330499236,0.7089699305219893,-7.363080189227582,5.84263751781091,-0.6258359196876666
margin_borrow_float_M_qoq,0.729542818743779,1.0369944193444824,1.3031940339987096,0.5598113555701725,0.7957329394476872,1.2922951626059804,1.5106099578594356,1.6034023700786157,1.5119040203478795,0.8688931372840483,0.9916368007308266,1.159159663449573,1.2303634978735665,1.1601526563997273,0.6667411871261748,-4.074191904702687,2.9365626802988922,-0.30874628484806343
AShareFreeFloatCalendar_anndt_recent_amount_M,1.604673311773009,1.7754305940305322,1.3031940339987096,1.2313387491878265,1.3623685711503881,1.6166206600539685,1.970831540190074,1.2755154689011814,1.3762170777647236,2.2743998733097204,1.2405064924165923,1.5123085962439462,0.9787609792744374,1.0560338996810403,1.7452503725258555,-0.17424257380473404,,0.16051218233279596
indusETF_float_W_qoq,0.8607446068527483,1.1797273695089352,1.3031940339987096,0.6604884494534148,0.9052584179572014,1.4444393726362414,1.337372411154842,1.520893578818907,1.8654087289195092,0.9932238837469427,1.1083839665871826,1.0262266218724618,1.1670507531040561,1.431412882696911,0.7621458185312151,-1.6736802570819407,-0.7185218381988192,-0.845343129193656
allETFselect_orig_M_qoq,1.4953934563250837,1.7873947961069603,1.3031940339987096,1.1474833503777109,1.3715492470622608,1.4133164739508877,1.4878670708938633,1.1322919181904791,1.2074235343900894,1.2187443959668105,1.0845019521876411,1.1417080128340555,0.8688590406726803,0.9265109437964822,0.9351979553092531,1.6268994768479947,-0.8042709107987943,0.038940697644726505
margin_repay_orig_W_orig,2.1639824210269634,0.5645463851812917,1.3031940339987096,1.6605220439714705,0.43320209458682246,0.6145164016494257,1.137870121739097,1.536881485962704,2.1135394130486276,2.3272822491286735,0.47154635888245183,0.873139449731569,1.1793190007530574,1.6218148317971202,1.7858294224902644,,7.488975050761628,0.6173733084208977
indusETF_amount_W_yoy,1.1472363622286306,1.4608442916633608,1.3031940339987096,0.880326591665295,1.1209722064034613,1.5504391564676554,1.8132172856336624,1.2039908323912318,1.16923061883391,1.29348938416451,1.1897224173980454,1.3913640166614343,0.9238768755692631,0.8972037841872654,0.9925531811986418,-0.3799884981650372,-1.3741969377015237,-0.4300878019504515
allETF_float_M_yoy,1.1722567344892076,1.4268541271663298,1.3031940339987096,0.8995258602376078,1.0948900086567943,1.419045826207236,1.4458556027954443,1.461152956893825,1.3949237874341303,1.144644929182172,1.0888983445182356,1.1094707043424632,1.121209059260681,1.07038840805153,0.8783380673328846,0.6681535054447579,-0.22021741315281942,-0.22100944821844734
margin_tr_balance_amount_W_qoq,1.658741915731353,0.9492945526502634,1.3031940339987096,1.2728280459063208,0.7284368466125156,1.0160628752777774,1.1726157803482504,1.5452586793195184,1.4792727339339649,1.662028836398453,0.7796712145466923,0.8998013724404539,1.185747201879109,1.1351131875542562,1.2753502494933142,0.24024106587823651,5.92749489240886,3.2469405557471225
allETF_float_M_orig,1.2676641734486978,1.2456836277355565,1.3031940339987096,0.9727363235074118,0.955869651976008,1.3351392806119589,1.4479875111195464,1.2600902830557237,1.3159008740623566,1.1901349396971,1.024513039332469,1.111106614474403,0.9669245332479564,1.009750535785264,0.9132446194871687,0.7389876885063859,0.14302806884076782,0.2873060502304735
north_change_amount_M_yoy,1.827968592361406,1.5823968173940233,1.3031940339987096,1.4026833646195283,1.2142449827970823,1.181175776182954,0.8771810505886203,0.753171592676539,1.0909419819488364,1.4418658760669096,0.9063698462144154,0.6731008796112159,0.5779427875107083,0.8371293556350924,1.106409205728713,2.3959479696713317,-1.662212720243542,0.4806034073657028
indusETFselect_amount_M_yoy,1.16288331103117,1.1671267689314386,1.3031940339987096,0.8923332064857515,0.8955894045572298,1.5035667071808234,1.411811401420722,1.0916774121442148,1.4370268009589688,1.221618435517387,1.1537550571554507,1.083347041644084,0.8376936846422792,1.1026959635086786,0.9374033364540376,0.026678094588259177,0.4982847756226926,0.09557228251573234
margin_tr_balance_float_W_yoy,1.3299683274239058,1.3001623977581152,1.3031940339987096,1.020545131980878,0.9976736877537015,1.2729449240092636,1.323572207086931,1.5530242109151455,1.2791820782691645,1.3582685174386095,0.976788483372173,1.0156370982037826,1.191706047141621,0.9815745352548407,1.0422611537523003,-0.15306373881232496,0.396231107690469,0.03841936482467025
margin_borrow_float_W_yoy,0.3289277644284938,1.5578275511708375,1.3031940339987096,0.25240122026895306,1.1953918683857174,1.4797938059201523,1.7175568240545145,2.1788046005998702,1.6168163941407365,0.5783312371937683,1.135513029766999,1.3179593976381074,1.6718957758841517,1.2406566880756127,0.44377983792576275,-15.107108278849939,1.1709266600302761,-4.593834865231345
margin_repay_amount_M_yoy,0.9304488555367791,1.486646983503965,1.3031940339987096,0.7139756868605343,1.1407717843384764,1.6780459828841474,1.5145081110413492,1.3118192842947192,1.2929508256384419,1.1002157899317204,1.287640933818002,1.1621508935198586,1.0066185464873132,0.9921399207692522,0.8442455699062922,-0.2818313281884464,0.10359298819594719,-0.044135538958280776
north_change_orig_W_yoy,2.032503602998916,1.3399328753074855,1.3031940339987096,1.5596323724429577,1.0281913823654079,1.0319877474771568,0.7478355203426832,0.7644108584790825,0.9982991847184035,1.5601407695914864,0.7918910926185062,0.5738481767354559,0.5865671868782046,0.766040327590536,1.1971669059935486,5.318554993052781,-4.149843001056608,1.4243620376404214
indusETFselect_orig_M_qoq,1.4901035363282347,1.7006129370413972,1.3031940339987096,1.1434241543878263,1.304957583195229,1.481232360037434,1.531542279612558,1.0294210567783053,1.307121183806142,1.0303896433113076,1.136616897709724,1.1752219851046943,0.7899215542137178,1.0030134804986657,0.7906647946734905,1.5115738904307436,-0.6290347101291154,-0.3044717328006917
indusETFselect_float_M_qoq,0.990340447461852,1.6299745540821644,1.3031940339987096,0.759933226845046,1.2507535421112728,1.6626093886843698,1.4996971106522459,0.932259875296497,1.3290154526553157,1.02734938375365,1.2757957336428507,1.150785739902897,0.715365364615704,1.0198139478718882,0.7883318653641621,-0.39707043273094644,-1.2116206927773572,-0.537879415599681
margin_tr_balance_orig_W_yoy,0.6737378399137507,1.5888951086300163,1.3031940339987096,0.5169896595109933,1.219231416947685,1.7184240952716505,1.7456291562882322,1.4295437259722097,1.3232365529839831,0.803402909800811,1.3186248942522032,1.339500573780221,1.0969538600371043,1.01537953555832,0.6164875596734097,-4.325450981048121,-0.2383462898748779,-1.7079187174626411
AshareStockRepo_conduct_recent_orig_W,1.079080258352199,0.9080931677100301,1.3031940339987096,0.8280273161174305,0.6968211517387358,1.2021196697639254,0.9353219222620923,0.717816371464497,0.7028329312466073,1.0719480589324042,0.9224410474588742,0.7177150123931725,0.550813119717833,0.5393156451845015,0.8225544554123286,4.822549882270434,,-0.23146982539745897
margin_repay_amount_W_qoq,0.9510251384141869,1.7883624778095264,1.3031940339987096,0.7297648037077559,1.3722917932045238,1.8340944745138594,1.3978475952735079,1.3363775180843962,1.3483768040748962,1.0291275369109831,1.4073840323578979,1.0726319786658047,1.0254631952111282,1.0346707926044967,0.789696323081849,-0.031287810449889375,-0.15072694419071758,0.1757008782280658
MjrHolderTrade_over_recent_orig_W,1.7680592105512516,2.2005494122331664,1.3031940339987096,1.3567121736478134,1.6885815579442296,0.9939891117263739,4.199283813892,2.4329260748913706,1.9441274277170997,1.3688344043159903,0.7627330127321302,3.222301287711511,1.866894730500109,1.4918173172967617,1.0503688388718835,2.625510679231897,,0.6367446754316826
margin_net_buy_float_M_yoy,0.6984816915682432,1.7146645197910282,1.3031940339987096,0.535976741257039,1.3157400011491505,1.6709533809245738,1.6329006612275836,1.5228696219640565,1.3696905440893703,0.8040097334535963,1.2821984580434538,1.2529988770875546,1.1685670608016032,1.0510257938233676,0.6169532030365268,-3.282331420342966,0.7400559908963277,-0.1295013704191315
margin_repay_orig_W_qoq,1.1353815232032893,0.3696879968180248,1.3031940339987096,0.8712298349920267,0.28367839874441203,0.5525247448765571,1.62857529728308,1.8141903987572305,2.1406318338760415,1.5199320490587227,0.42397734371235174,1.249679828786488,1.3921107305798386,1.6426040773895694,1.1663129276267294,-3.4537981412304477,8.478393491284002,2.995887920874568
allETFselect_orig_M_yoy,1.4005445212669412,1.5798004358966646,1.3031940339987096,1.074701452530075,1.2122526612934363,1.2933074484460994,1.5466548501165982,1.2074885341903778,1.303814686095283,1.2252152613579428,0.9924135736546658,1.1868185471743264,0.9265608210968632,1.0004762545564063,0.9401633443628518,0.4974797848151797,-0.07643504973771538,-0.07881684873894845
indusETFselect_orig_W_qoq,1.2455313346919463,1.2783491134658709,1.3031940339987096,0.9557527906033827,0.9809353635109848,1.2936127858949513,1.2291380879594114,1.4985046246078593,1.5067210890504548,1.2587282183860906,0.9926478729538385,0.9431735074691329,1.1498706911739462,1.1561755577005248,0.9658793591341265,-0.3063150846523258,-3.150636104331989,0.2707204512510589
margin_net_buy_amount_M_yoy,1.1038918896806522,1.4003665203166686,1.3031940339987096,0.8470664082872446,1.074564864312489,1.4033007253841392,1.4270182860695475,1.480750007930125,1.4170109156502917,1.1401082277025822,1.0768164131923341,1.0950159752426862,1.136246767019493,1.0873368651806572,0.8748568501378753,-0.028307983607715734,0.2750322923798491,0.2326769163775953
margin_repay_amount_M_qoq,0.9636965064197544,1.4399287948176638,1.3031940339987096,0.7394881201709895,1.1049227952643386,1.5562757601638544,1.4874445163852683,1.329054030635566,1.2380861017147575,1.1469169801252523,1.1942011086319901,1.141383767558547,1.0198435505091348,0.9500397250253092,0.880081515264509,-0.3364671701475458,-0.13450107818460216,0.02125807615664709
AShareFreeFloatCalendar_listdt_next_amount_W,2.0396964555761024,1.3692156641487747,1.3031940339987096,1.5651517750718325,1.0506613968661942,1.1662984443688698,0.5602040951700551,2.2747190891281672,2.2930418027468003,1.595547610703119,0.8949537934809365,0.4298700581456236,1.7454953213286577,1.7595551720804385,1.2243361840810107,-0.38701009111361184,,0.41504845543442437
margin_borrow_orig_W_orig,0.48573497789506326,1.762935185718946,1.3031940339987096,0.3727265205509253,1.3527802765560324,2.100103314328979,1.9221037049380445,1.5697882540043606,1.0261264109495039,0.6018609961971649,1.6115047027072706,1.4749175140406972,1.2045698591695018,0.7873934227591161,0.46183529121171596,-7.826929115545433,,-0.8661829424618054
margin_slend_balance_amount_W_orig,1.0603049274395655,1.5898722591478576,1.3031940339987096,0.8136201515488333,1.2199812289421759,1.5054054523387084,1.5159782734246126,1.3565405019471999,1.0668185794330383,1.10748878336373,1.1551660098684882,1.1632790159213648,1.040935168943954,0.8186183727066499,0.8498264682547085,,-0.13642022284273123,-1.7731850988006461
margin_repay_orig_W_yoy,1.9501818222579,0.3647567402917561,1.3031940339987096,1.496463129342281,0.2798944215333304,0.5737589812497682,1.515869190547808,1.7900758290456589,1.7447044112541783,1.7468941534904305,0.4402713381746009,1.1631953116732185,1.3736065254634455,1.3387909748947684,1.3404712636154996,-0.3244156682135712,9.667314252565852,2.4401856537904565
AshareStockRepo_preplan_recent_orig_M,1.3989547838846617,1.3778853663407817,1.3031940339987096,1.0734815747982829,1.05731405331322,0.6176460795352571,3.923143859136454,0.5473995041352283,1.066392793174666,2.1275362553980313,0.47394790293819644,3.010406552506009,0.420044513598326,0.8182916475626851,1.632555244954519,1.301405127523187,,0.09362218946171491
allETFselect_amount_W_yoy,1.8255144602106634,1.7837572308474188,1.3031940339987096,1.4008001975034141,1.3687579779460417,1.9895887702850277,1.3106387520966356,0.9552410958394337,0.9126148159107614,1.5013019166539094,1.5267018712326286,1.0057126704878188,0.7329998994151162,0.7002908178688494,1.152017180471067,0.2855826635224386,0.053979467047826885,0.08497206726786839
indusETF_amount_M_yoy,1.076106412518358,1.2953462845301895,1.3031940339987096,0.8257453490762554,0.9939780652276008,1.723893294577759,1.459877277866693,1.0584813685080352,1.2587735350517333,1.3092696833306001,1.3228216594026134,1.1202301727757438,0.8122208519173464,0.9659141326708833,1.00466212181255,0.27543321551834166,0.9874118756193031,0.14963240106154582
margin_borrow_orig_M_orig,0.8036780847709122,1.504116602977173,1.3031940339987096,0.6166987139320406,1.1541770171874977,1.760310718678606,1.5973386948675645,1.3292239579701453,1.286546182488524,0.8247901872011728,1.3507664037390377,1.2257105643480457,1.0199739434745305,0.9872253470505052,0.6328989894700435,-1.9934344077540722,,-0.32039337114921085
indusETFselect_float_W_yoy,0.8356996086121724,1.1160397468164138,1.3031940339987096,0.6412702842476333,0.8563880110715109,1.3116947961303198,1.0712867621882716,1.6177249922678953,1.4568915307723012,1.0862129440164896,1.0065230210619722,0.8220470123709394,1.241353896705682,1.1179390733565495,0.8335005499400292,-1.6669122568399581,-0.549743997990259,0.3593166004930268
margin_tr_balance_orig_W_qoq,0.520461496052977,1.8404797143605887,1.3031940339987096,0.39937375592182334,1.4122837170404137,1.7480584825671548,1.7882435115178752,1.7185511807084253,1.4790226554059898,0.6825849420408125,1.3413647062236977,1.372200504963059,1.3187224126826589,1.134921290936062,0.5237784429893181,-7.316181375055185,1.5689161685504864,-1.9890620336410716
north_change_float_M_orig,1.6839504858981802,1.1390321726486676,1.3031940339987096,1.2921717272838955,0.8740311441985894,1.046225326443555,0.799226524115668,0.9040763040205797,1.0904008162324188,1.4460143985675642,0.8028162339213034,0.6132828291603883,0.6937388297017595,0.8367140945900758,1.1095925555541608,1.6952396910306051,-1.1214881803099863,1.0572169687602453
indusETFselect_orig_M_yoy,1.1612315246646552,1.3277188483789906,1.3031940339987096,0.8910657157488223,1.0188190044923926,1.3344401752359292,1.452850702512748,1.1952359947374973,1.373976478424641,1.0550987111950865,1.023976584009784,1.1148383622159725,0.9171588908138608,1.054314585993571,0.8096251852516777,0.6075388205951506,-0.2378359813996157,-0.12314479977827578
north_change_orig_M_qoq,1.6648505055097211,1.9185611113740926,1.3031940339987096,1.2775154444202816,1.4721991210220597,1.308083881798178,0.8158259335409883,0.8705205421715443,0.9254367561223841,1.3139983539744384,1.003752202413377,0.6260203102969363,0.6679899688463478,0.7101296752278566,1.0082906456704508,2.113470088388942,-2.5936235865783246,0.09388426793239495
indusETF_float_W_yoy,0.7664490101645194,1.437049135908023,1.3031940339987096,0.5881311532809537,1.102713102129998,1.3968339626531292,1.6850909064908504,1.463508258008014,1.4354662411970682,1.1151323918170766,1.071854172296274,1.293046823825867,1.1230163888315217,1.1014984750908472,0.8556917563499072,-3.3366612644231335,-1.5457500604509233,-1.8900378006821554
allETFselect_amount_M_qoq,1.46589098326087,1.4841964296267425,1.3031940339987096,1.1248447621901263,1.1388913629942325,1.514638176732451,1.2495346682155066,1.0393395757795365,1.3379956131023443,1.2889208210031409,1.1622506988348835,0.958824730329255,0.7975324845452489,1.0267048330453523,0.9890475150873942,0.45787791263171124,-0.25603696774521345,0.28735176534896284
north_change_float_W_qoq,1.5688662234999868,1.1731820584550394,1.3031940339987096,1.2038623432660223,0.9002359033637205,1.1239471986213734,0.9489327666097496,0.7872248007999986,0.9669302482666768,1.3701050206784364,0.8624557581595607,0.7281592317439117,0.6040733614966641,0.7419695172327917,1.0513438405441573,4.053708228435187,-1.7094087039753845,1.728679465084476
north_change_float_M_yoy,1.657434896196439,1.2641743117052315,1.3031940339987096,1.271825110425636,0.9700583940107903,1.0666738515051208,0.8267600577428931,0.8898600420264428,1.0257158981217782,1.3968763514790763,0.8185073163910579,0.6344105606484933,0.682830045880431,0.787078417612518,1.0718866991685903,1.1972416920395061,-1.2707399970835909,0.6961869886095129
margin_tr_balance_orig_M_orig,1.0105265496473894,2.2511480387382887,1.3031940339987096,0.7754229403174125,1.7274081832855581,2.0104704150756416,1.696852700385667,1.1513025474191352,1.0567274739422217,1.0148061267341881,1.5427253061516335,1.302072182742472,0.883446760331221,0.8108750089192536,0.7787068542819872,-0.5813134047804989,,0.4457237679890181
margin_borrow_amount_W_orig,1.5906878519798577,1.2748586398322421,1.3031940339987096,1.2206070703830685,0.9782569644832371,1.4033947247301883,1.3291152180855073,1.2549796288384736,1.1638702997344264,1.4627849547287815,1.0768885431619295,1.0198905024198595,0.9630028960366743,0.8930905677669629,1.122461365358146,-2.028055652055672,,4.261884272966511
indusETFselect_amount_M_orig,1.1913072529752224,1.4991118263524368,1.3031940339987096,0.9141441887359055,1.150336624664076,1.5806065886994443,1.0840345945938048,1.2769187655650596,1.2106115111811468,1.215345511579074,1.2128712589709487,0.8318290034428428,0.9798377925710516,0.9289572232513348,0.9325898368717342,0.7742966388821285,-0.15775613143781209,-0.123135617474799
AshareStockRepo_pass_recent_orig_W,1.0743521476638862,0.6813634726710381,1.3031940339987096,0.8243992219388491,0.5228411540377822,0.4326493726318334,2.3228123204065128,1.7212981688868594,0.47463591416404927,1.7216458023965868,0.33199152339908716,1.782399443066214,1.320830301536328,0.3642097046037576,1.3210970565249622,17.618457238033756,,0.6288336062609827
AshareStockRepo_pass_recent_amount_W,1.776876572838162,0.48453270430336864,1.3031940339987096,1.3634781363953983,0.3718039613921747,0.3456669555281777,1.4006449313483267,1.381306784377848,1.3430666280644958,1.9510698313345003,0.2652459622359812,1.0747785017482006,1.0599394628438084,1.030596053254972,1.4971445390582814,12.588020508230633,,0.5705006864383155
AshareStockRepo_conduct_recent_float_W,1.0690611014176672,0.9829845094813374,1.3031940339987096,0.8203391617266457,0.7542886813755247,1.4495769667045781,0.5330321627009758,0.9558426767118617,0.8557693743550709,1.0492054394855796,1.112326275970362,0.4090197996574803,0.7334615197546309,0.6566707274811836,0.8051030100761024,7.1283500680140355,,-0.053680204393351125
AshareStockRepo_preplan_recent_orig_W,1.0025982612693984,1.9562039701163085,1.3031940339987096,0.7693392043800525,1.501084197043098,1.1016028025332056,3.057998272934437,1.5687703286814103,0.523126605027624,0.9468360707446273,0.8453098877018773,2.346541031615454,1.2037887588142255,0.4014188151417995,0.7265503417318168,-8.444811531791286,,0.14497604817506535
AShareSEO_pass_recent_float_W,0.2260890942210946,0.08187104290519792,1.3031940339987096,0.17348843558419672,0.06282337147752703,0.06712043726518935,0.14519062842983912,0.19212950537334833,0.7439467007025466,0.22755282873799473,0.05150456149590983,0.11141136672053158,0.1474296999225969,0.5708641087158962,0.17461162559175747,1.306066210690254,,-1.7910932762345586
indusETF_orig_W_yoy,0.8929657929330226,1.3273843703498118,1.3031940339987096,0.6852132296777432,1.0185623443017744,1.3775054798507942,1.6372866398210189,1.5938321930685133,1.2711622329230952,1.0358366075297578,1.0570225491472425,1.256364437763103,1.2230198661806424,0.9754205434954852,0.7948444978307685,-0.6336722381640887,-1.3545210999771566,-0.6244413660731569
margin_net_buy_orig_W_yoy,0.6626384099790688,1.6034314868182205,1.3031940339987096,0.5084725625591108,1.2303858404709427,1.499938843370661,1.870170748751316,1.4390631572385004,1.5972008834389992,0.7787982811383276,1.1509712324021784,1.435066996902142,1.1042585522148924,1.2256048153766952,0.597607310055487,-5.399528333317589,2.6135661867067976,-1.4747625940839417
margin_net_buy_amount_M_orig,1.2268525231277319,1.4149135588093706,1.3031940339987096,0.9414196897167093,1.0857274679717968,1.4588264135251383,1.4590304773035996,1.3305974987330205,1.2162684097532908,1.2100874216308994,1.119423796814729,1.1195803842246905,1.021027923716184,0.9332980185777118,0.9285550655245692,-0.04233285558834092,0.1498936539029372,-0.19766671400840713
north_change_orig_W_qoq,2.016684168181025,1.522237833140114,1.3031940339987096,1.5474934012650812,1.1680822605282288,1.2476402874351615,0.8949451270065656,0.7610516418860296,0.8580169197935945,1.5081787848436927,0.9573710858749964,0.6867320626541878,0.5839895073420688,0.6583953712256206,1.1572941139210173,4.730113369358988,-5.040924741276952,0.76172533985363
margin_borrow_float_W_qoq,0.37234881214754034,0.8129959412555327,1.3031940339987096,0.2857201632553737,0.6238487286202061,1.0926724212332357,1.6801662676162215,1.8094283491903538,1.8207244599438734,0.6771097093784748,0.8384572003299378,1.2892679246395975,1.3884565935575373,1.3971246126389774,0.5195770481705146,-17.315609082069116,6.652984349955723,-4.954072426904957
indusETF_orig_W_orig,0.7808250352714722,1.4753417938204036,1.3031940339987096,0.5991625305984521,1.1320967985814647,1.506415494460146,2.097125552838069,1.5281914464215602,1.2164413706401014,0.9409048351379551,1.1559410610850276,1.6092197310044971,1.172650738533901,0.9334307393255806,0.7219990351328502,-0.8700044062758706,-1.0542214153510565,-0.8889329008846305
margin_repay_float_W_qoq,0.722475117198315,0.39457342467312534,1.3031940339987096,0.5543879870148565,0.30277411834246937,0.8050845112213196,1.9947413397251172,1.8255176014543095,1.6167480611004676,1.092901435013777,0.6177779288560776,1.5306556718990416,1.4008026079224034,1.240604253028731,0.8386329330102343,-7.790600038062734,16.097622381529423,5.184664423695978
AShareFreeFloatCalendar_listdt_next_float_M,1.141337109463804,1.649320964252007,1.3031940339987096,0.8757998269541911,1.2655989217440202,2.747099730263856,0.7699623416387371,0.5778811653340178,0.7364175355014266,1.4194936980790607,2.1079744524571513,0.5908270921684556,0.44343447733631197,0.5650866381284829,1.0892420169569823,-2.825106078728429,,0.006654081754457171
indusETF_orig_W_qoq,0.9827748474082824,1.3230615761390379,1.3031940339987096,0.7541277981397323,1.0152452678741684,1.2713886988937166,1.5483376860748832,1.7806800545394756,1.3641395585558438,1.1410493209176797,0.9755943211254569,1.188109863673928,1.3663967207367056,1.0467662703842568,0.8755789937255112,-0.4842227443680296,-0.7340333581412227,-0.041986566198708664
margin_tr_balance_amount_M_orig,1.3105112428539902,0.653392348485456,1.3031940339987096,1.0056148268518608,0.5013776394299415,0.8272387779611582,1.5978474161438245,1.5311362700880116,1.4112879911666834,1.4414549409811777,0.6347779044252264,1.2261009292998395,1.1749104355472577,1.082945405172167,1.1060938765643589,0.3542021510636503,,0.5481505981710214
north_holdings_float_M_yoy,1.9664009587698807,1.078786543241343,1.3031940339987096,1.5089088097926544,0.8278019351663263,0.9658996115855463,0.8918314894495927,0.8537203818380483,0.9845910963356833,1.5455944412598517,0.741178662874774,0.684342827071656,0.6550984424157468,0.7555214884728809,1.1860048472730977,2.0107279407795273,-1.0838900185399711,0.7692992583932475
MjrHolderTrade_under_recent_amount_W,2.0517254570166674,0.6894463196042788,1.3031940339987096,1.5743821744803193,0.5290434897777943,0.6218076834156792,0.8103028618750534,0.9067786169609737,1.708020303525298,2.3424966315363935,0.47714129070076367,0.6217822064368472,0.6958124372152179,1.3106415920923327,1.7975041094599677,8.508538449688803,,1.5972977751384339
AShareSEO_pass_recent_amount_W,0.38002899426479375,0.04904748690146253,1.3031940339987096,0.29161351598481156,0.03763636543897123,0.02588335774454623,0.1499974303226987,0.6953333600855826,0.30054915556526496,0.5905346589424516,0.019861476548604165,0.11509984423612486,0.5335608834488196,0.23062502415167024,0.45314407796240447,9.912860904149213,,-1.4621697612717814
allETFselect_amount_M_yoy,1.246164479221088,1.6999628571068677,1.3031940339987096,0.9562386311709603,1.304458747321545,1.619724319788381,1.6514295249460327,1.1837280631715041,1.2082565953194149,1.1998124143033855,1.2428880715624768,1.2672169161784759,0.9083283319977785,0.9271501893022105,0.9206705855012942,0.06471338929343962,-0.038801850932073806,0.2175755876150426
indusETFselect_float_M_orig,0.9022955417285761,1.5275878058775891,1.3031940339987096,0.6923723698764795,1.1721875377148188,1.2877895338063419,1.4122380481679726,1.1991422352842587,1.54096429280575,0.9648808754277958,0.9881794270151002,1.0836744270802663,0.9201563266866875,1.1824519239682738,0.7403969403291107,-0.3059241717193699,-1.0587924448853916,-0.7204962486434021
allETFselect_orig_W_qoq,1.1280013872909023,1.2135210675829866,1.3031940339987096,0.8655667213498149,0.9311898580899951,1.0864575872674305,1.4063259425344627,1.2298854034361208,1.3711522176428195,1.325722308665546,0.8336882758231736,1.0791377997789815,0.9437469565927576,1.0521474023600212,1.0172869688466197,-0.6753416619140185,-1.1835214157206975,-0.031213906395730157
margin_repay_float_W_orig,2.5675530245749205,0.33786711708359163,1.3031940339987096,1.9702001065003822,0.2592607917693446,0.5624641769481561,1.2372257176026182,1.5319127765131233,1.8016612410738775,2.5767726138619915,0.43160432159307527,0.9493795131998305,1.175506284212041,1.3824965385589398,1.9772747163025632,,11.374572482825045,1.8192980459087773
north_holdings_float_W_yoy,1.9901950535009643,1.0167282356007112,1.3031940339987096,1.527167099893994,0.7801817757567466,0.9157523465153143,0.8813537064042337,0.8119910799891996,1.0511228912403283,1.6181637670796445,0.7026983876724999,0.6763027480258603,0.6230776529092088,0.8065743579373761,1.2416905885568585,5.602904123746607,-2.7623191418625828,2.530300887311616
indusETFselect_amount_W_yoy,1.341459691804729,1.3175896607709032,1.3031940339987096,1.0293629780429592,1.0110464185659462,1.423345316894637,1.2325770075152234,1.2100019902699637,1.173515802325072,1.426525700195594,1.092197539093435,0.9458123467103318,0.9284895101592844,0.9004920002006654,1.094637991718282,-0.25499030185395666,-1.002460674774297,-0.24179352204304344
north_holdings_float_M_orig,2.502564843528253,0.9189299031504826,1.3031940339987096,1.9203317220916092,0.7051366712682423,0.8069857085722916,0.7615818326932422,0.8473989199204804,1.1325681203396898,1.7727216350945156,0.6192368039747261,0.5843963468405475,0.6502476974363739,0.8690709831325174,1.3602898638624914,2.8038205955416564,,2.1190657781955675
north_holdings_amount_W_orig,1.1122843515261347,0.7176368835050466,1.3031940339987096,0.8535063256184582,0.5506753904505346,0.5915934101408512,0.6854572413331586,1.0443042686377215,1.4298040785665491,1.5621162679106877,0.45395650586705877,0.5259824887548843,0.8013421189731718,1.0971536404132778,1.1986827956213884,5.462486686714629,,4.326867919990327
MjrHolderTrade_over_recent_amount_M,1.5299922267277135,1.671301087593553,1.3031940339987096,1.1740325590910652,1.2824652691705063,1.1804588658841477,2.0559987714873067,1.8600805465990224,1.8754532542508993,1.3357026642058576,0.9058197283654206,1.5776612828549386,1.4273243262874424,1.4391205034113563,1.024945349164467,-0.36409812898234695,,-0.07180478441702848
AShareSEO_offering_recent_orig_M,1.0496632421105405,1.1393880472401117,1.3031940339987096,0.8054543028329885,0.8743042229437031,1.2903538312945448,1.251799800470775,0.9920048813524815,0.8168030311409858,1.0616801030159357,0.9901471290006094,0.9605628692373331,0.7612104226019376,0.6267700816851611,0.8146753862571681,3.366402383830376,,0.02162345537481161
allETF_float_W_orig,0.9839314534284813,1.3415368151968274,1.3031940339987096,0.7550153144957197,1.0294221583262373,1.4266421957338165,1.5421454266721246,1.1546933035161753,1.3021792156955498,1.0869484289048366,1.094727384038369,1.1833582616551876,0.8860486415619354,0.9992212838021933,0.8340649209156162,-2.8157673190158707,-0.26164254772141005,-1.2247334232122964
north_holdings_orig_W_yoy,2.0029380716384573,1.4334733988909196,1.3031940339987096,1.5369453967592677,1.0999692766337044,1.0436744737554249,0.9335940376029287,0.8582080364829737,0.8986977449121412,1.461076665232507,0.8008588487418278,0.7163891279783537,0.6585420237458082,0.6896116168937518,1.1211505172022247,3.4895214249296385,-3.6059919186322484,0.027779443325896824
indusETFselect_amount_M_qoq,1.5795355026118205,1.2673318137913248,1.3031940339987096,1.21204936594529,0.9724812888397397,1.6571863112609524,1.2146527021297242,0.9006911788128231,1.2676485865677454,1.341277626262901,1.271634359908828,0.9320582126996807,0.6911412693082625,0.9727243629853822,1.0292232708795757,0.2008887058086231,-0.22248616397710166,0.0800891358992036
margin_slend_balance_amount_W_qoq,1.131138396558701,1.5363507858542795,1.3031940339987096,0.8679738911080842,1.1789117704446157,1.5223710098692274,1.2754502490819333,1.237359340171941,1.3514853542451966,1.2185222228490078,1.1681844530840868,0.9787109331435109,0.9494820478691404,1.0370561244040615,0.9350274717803184,-2.3187100025566196,1.474002138666005,-1.1629219825747539
margin_tr_balance_amount_W_yoy,1.453797983482469,0.7759828258443573,1.3031940339987096,1.1155652539489054,0.5954468832728907,0.8432842912358035,1.1576068087546574,1.5961169438527496,1.717230427083206,1.5320869908898103,0.6470903558760756,0.8882843065223882,1.2247730592774722,1.3177089384103997,1.175639966819651,-1.8359091797062277,5.146849557564816,3.5301070521032916
margin_tr_balance_amount_M_qoq,1.2471116496633938,1.052032630509907,1.3031940339987096,0.9569654380911851,0.8072724422178783,1.2316531891803248,1.6408922255153815,1.3753203001552214,1.3148235001226793,1.2177811592718055,0.9451034589232508,1.2591311675057948,1.0553457614712984,1.0089238178050017,0.9344588200232747,-0.9443586191143478,1.5848567151112625,-0.18046680438782545
